global_optimizer_step,epoch,train_loss,causal_moving_average_50
1,1,1.2916364669799805,1.2916364669799805
2,1,2.1766533851623535,1.734144926071167
3,1,2.153660297393799,1.873983383178711
4,1,1.97568678855896,1.8994092345237732
5,1,1.7603543996810913,1.8715982675552367
6,1,3.2837631702423096,2.106959084669749
7,1,2.40697979927063,2.149819186755589
8,1,1.709075689315796,2.094726249575615
9,1,2.4190456867218018,2.130761742591858
10,1,2.2631313800811768,2.1439987063407897
11,1,1.3025999069213867,2.0675079063935713
12,1,1.5755689144134521,2.026512990395228
13,1,1.3995006084442139,1.9782812687066884
14,1,1.4503898620605469,1.9405747396605355
15,1,1.443159580230713,1.9074137290318807
16,1,1.9349381923675537,1.9091340079903603
17,1,1.6132128238677979,1.8917268795125626
18,1,0.7850341796875,1.8302439517445035
19,1,1.0463472604751587,1.78898623115138
20,1,1.7074449062347412,1.7849091649055482
21,1,1.6749210357666016,1.7796716349465507
22,1,1.4009284973144531,1.7624560377814553
23,1,1.387917399406433,1.7461717491564543
24,1,1.3059601783752441,1.727829600373904
25,1,1.43914794921875,1.7162823343276978
26,1,1.2484443187713623,1.6982885644986079
27,1,1.4601924419403076,1.6894701895890412
28,1,1.8095755577087402,1.6937596670218877
29,1,1.7397093772888184,1.6953441397897129
30,1,1.5241520404815674,1.6896377364794413
31,1,2.315032482147217,1.7098117605332406
32,1,1.4692188501358032,1.7022932320833206
33,1,1.268490195274353,1.6891476855133518
34,1,2.1599979400634766,1.702996222411885
35,1,1.342403769493103,1.6926935808999197
36,1,1.0360904932022095,1.67445460624165
37,1,2.3509466648101807,1.6927381753921509
38,1,1.0640944242477417,1.6761949187830876
39,1,1.5662676095962524,1.6733762698295789
40,1,1.6660598516464233,1.673193359375
41,1,1.4131532907485962,1.666850918676795
42,1,1.2216408252716064,1.6562506783576239
43,1,1.7433853149414062,1.6582770652549212
44,1,1.0247799158096313,1.643879402767528
45,1,1.6069122552871704,1.643057910601298
46,1,0.9858378171920776,1.628770517266315
47,1,1.293391227722168,1.6216347877015458
48,1,1.3928771018981934,1.6168690025806427
49,1,2.13509464263916,1.6274450360512247
50,1,1.918820858001709,1.6332725524902343
51,1,0.8668578863143921,1.6247769808769226
52,1,1.211948037147522,1.605482873916626
53,1,1.3868272304534912,1.5901462125778199
54,1,1.087408423423767,1.572380645275116
55,1,1.8448388576507568,1.5740703344345093
56,1,1.4669115543365479,1.5377333021163941
57,1,2.065920352935791,1.5309121131896972
58,1,1.469979166984558,1.5261301827430724
59,1,1.7412612438201904,1.5125744938850403
60,1,0.7456341981887817,1.4822245502471925
61,1,1.1282293796539307,1.4787371397018432
62,1,0.9901303052902222,1.4670283675193787
63,1,1.0455379486083984,1.4599491143226624
64,1,0.7590514421463013,1.4461223459243775
65,1,1.1363391876220703,1.4399859380722047
66,1,1.5754222869873047,1.4327956199645997
67,1,1.1998646259307861,1.4245286560058594
68,1,1.3122437000274658,1.4350728464126588
69,1,1.2549562454223633,1.4392450261116028
70,1,1.5465283393859863,1.4360266947746276
71,1,1.3367207050323486,1.4292626881599426
72,1,1.3850605487823486,1.4289453291893006
73,1,1.169074296951294,1.4245684671401977
74,1,1.2886730432510376,1.4242227244377137
75,1,1.7993398904800415,1.4314265632629395
76,1,0.9788486361503601,1.4260346496105194
77,1,1.6980953216552734,1.4307927072048188
78,1,0.67146897315979,1.4080305755138398
79,1,1.1512326002120972,1.3962610399723052
80,1,1.9741395711898804,1.4052607905864716
81,1,1.1661224365234375,1.3822825896739959
82,1,1.820854663848877,1.3893153059482575
83,1,1.2965896129608154,1.3898772943019866
84,1,0.8735778331756592,1.3641488921642304
85,1,0.7262937426567078,1.3518266916275024
86,1,1.343571424484253,1.3579763102531432
87,1,1.3673081398010254,1.3383035397529601
88,1,0.7555291056632996,1.3321322333812713
89,1,1.1626566648483276,1.3240600144863128
90,1,0.8136296272277832,1.30701140999794
91,1,1.0731451511383057,1.3002112472057343
92,1,1.5089597702026367,1.3059576261043548
93,1,1.1538245677947998,1.2941664111614228
94,1,1.2042611837387085,1.2977560365200043
95,1,1.3467111587524414,1.2925520145893097
96,1,1.5973520278930664,1.3047822988033295
97,1,1.3500620126724243,1.3059157145023346
98,1,1.01863694190979,1.2984309113025665
99,1,1.0498830080032349,1.2767266786098481
100,1,1.3557566404342651,1.2654653942584992
101,1,1.1456596851348877,1.2710414302349091
102,1,1.4790678024291992,1.2763838255405426
103,1,0.729250431060791,1.2632322895526886
104,1,0.9058219194412231,1.2596005594730377
105,1,0.7870572805404663,1.2384449279308318
106,1,1.2649316787719727,1.2344053304195404
107,1,0.8209840059280396,1.2095066034793853
108,1,0.8831323385238647,1.1977696669101716
109,1,0.9804113507270813,1.1825526690483092
110,1,0.7801991701126099,1.183243968486786
111,1,1.4895625114440918,1.1904706311225892
112,1,0.8795434832572937,1.1882588946819306
113,1,1.12082040309906,1.1897645437717437
114,1,1.4568893909454346,1.2037213027477265
115,1,0.9964537024497986,1.200923593044281
116,1,1.1727173328399658,1.1928694939613342
117,1,1.4709272384643555,1.1982907462120056
118,1,1.103243112564087,1.194110734462738
119,1,1.2113606929779053,1.193238823413849
120,1,1.4121503829956055,1.1905512642860412
121,1,0.6682824492454529,1.1771824991703033
122,1,1.2770249843597412,1.1750217878818512
123,1,0.6627323031425476,1.1648949480056763
124,1,1.172424554824829,1.1625699782371521
125,1,1.3221478462219238,1.1530261373519897
126,1,0.9988573789596558,1.1534263122081756
127,1,1.493910312652588,1.149342612028122
128,1,1.040283203125,1.1567188966274262
129,1,0.7024574279785156,1.1477433931827545
130,1,0.7842060327529907,1.1239447224140167
131,1,1.470139980316162,1.1300250732898711
132,1,1.3886768817901611,1.121381517648697
133,1,1.0051743984222412,1.1155532133579253
134,1,1.3914215564727783,1.1259100878238677
135,1,1.3529298305511475,1.1384428095817567
136,1,0.7826336622238159,1.127224054336548
137,1,1.0037336349487305,1.1199525642395018
138,1,1.931551218032837,1.1434730064868928
139,1,0.6353336572647095,1.1329265463352203
140,1,0.7199552059173584,1.131053057909012
141,1,1.3949103355407715,1.1374883615970612
142,1,0.48894208669662476,1.117088007926941
143,1,0.9325164556503296,1.1126618456840516
144,1,0.48413312435150146,1.0982592844963073
145,1,1.075538158416748,1.0928358244895935
146,1,0.3991773724555969,1.0688723313808441
147,1,1.032987356185913,1.0625308382511138
148,1,1.3628908395767212,1.0694159162044525
149,1,1.1549787521362305,1.0715178310871125
150,1,1.3386496305465698,1.0711756908893586
151,1,1.1595419645309448,1.0714533364772796
152,1,1.3290987014770508,1.0684539544582368
153,1,1.7888963222503662,1.0896468722820283
154,1,0.7616851925849915,1.0867641377449035
155,1,0.8499107360839844,1.088021206855774
156,1,0.5216342806816101,1.0731552588939666
157,1,0.7942893505096436,1.0726213657855987
158,1,1.2751860618591309,1.080462440252304
159,1,0.9689357280731201,1.0802329277992249
160,1,0.8688858151435852,1.0820066606998444
161,1,1.1840095520019531,1.0758956015110015
162,1,0.9074450731277466,1.0764536333084107
163,1,1.2566704750061035,1.0791706347465515
164,1,0.43726763129234314,1.0587781995534897
165,1,1.4021146297454834,1.0668914180994034
166,1,1.2090189456939697,1.0676174503564835
167,1,0.8476313948631287,1.055151533484459
168,1,1.3871331214904785,1.0608293336629868
169,1,1.2578039169311523,1.0617581981420516
170,1,1.6485458612442017,1.0664861077070236
171,1,1.1839277744293213,1.076799014210701
172,1,0.8749828934669495,1.0687581723928452
173,1,0.7607019543647766,1.0707175654172898
174,1,0.40737706422805786,1.0554166156053544
175,1,1.5157930850982666,1.0592895203828812
176,1,0.5857664942741394,1.0510277026891708
177,1,0.7548739910125732,1.0362469762563706
178,1,1.3390239477157593,1.0422217911481857
179,1,1.312164545059204,1.0544159334897996
180,1,0.7424099445343018,1.0535800117254257
181,1,0.2899523377418518,1.0299762588739396
182,1,1.368788719177246,1.0295784956216811
183,1,1.195960521697998,1.0333942180871964
184,1,1.1583056449890137,1.028731899857521
185,1,1.6366267204284668,1.0344058376550676
186,1,1.1957205533981323,1.0426675754785537
187,1,0.8455618619918823,1.0395041400194167
188,1,1.7745726108551025,1.0363645678758622
189,1,1.1971652507781982,1.0476011997461319
190,1,1.1370606422424316,1.0559433084726333
191,1,1.1913217306137085,1.051871536374092
192,1,1.0645062923431396,1.0633828204870224
193,1,1.016427755355835,1.0650610464811325
194,1,0.7956249713897705,1.071290883421898
195,1,1.208426833152771,1.0739486569166183
196,1,0.9614294767379761,1.085193699002266
197,1,1.2259465456008911,1.0890528827905654
198,1,1.0087649822235107,1.0819703656435014
199,1,1.5732581615447998,1.0903359538316726
200,1,1.1198681592941284,1.0859603244066238
201,1,0.9744194746017456,1.0822578746080398
202,1,1.032651424407959,1.076328929066658
203,1,1.229190468788147,1.0651348119974136
204,1,0.8900490403175354,1.0677020889520645
205,1,1.254800796508789,1.0757998901605605
206,1,1.4084714651107788,1.093536633849144
207,1,1.0537196397781372,1.098725239634514
208,1,0.723314106464386,1.087687800526619
209,1,1.5263350009918213,1.0988357859849929
210,1,0.9595940113067627,1.1006499499082565
211,1,0.9550433158874512,1.0960706251859664
212,1,1.1012790203094482,1.0999473041296006
213,1,0.9922115206718445,1.0946581250429153
214,1,0.6828722357749939,1.0995702171325683
215,1,0.7181984186172485,1.0858918929100037
216,1,1.4984312057495117,1.0916801381111145
217,1,1.4896109104156494,1.1045197284221648
218,1,1.0190320014953613,1.0971577060222626
219,1,0.9610283970832825,1.0912221956253052
220,1,1.047724962234497,1.0792057776451112
221,1,1.0240356922149658,1.076007936000824
222,1,1.0671427249908447,1.0798511326313018
223,1,1.0293843746185303,1.0852247810363769
224,1,0.6227811574935913,1.0895328629016876
225,1,0.6972188353538513,1.0731613779067992
226,1,1.2264618873596191,1.085975285768509
227,1,0.7125022411346436,1.0851278507709503
228,1,0.6268640756607056,1.0708846533298493
229,1,1.4360275268554688,1.0733619129657745
230,1,0.8728289604187012,1.0759702932834625
231,1,1.2302045822143555,1.0947753381729126
232,1,1.958367943763733,1.1065669226646424
233,1,0.9721860885620117,1.1020914340019226
234,1,1.228939175605774,1.1035041046142577
235,1,1.0017518997192383,1.0908066082000731
236,1,0.9028699398040771,1.084949595928192
237,1,1.1343914270401,1.0907261872291565
238,1,0.39053359627723694,1.0630454069375992
239,1,1.1944105625152588,1.0629903131723404
240,1,0.9934523701667786,1.0601181477308272
241,1,1.1515538692474365,1.0593227905035019
242,1,0.8032187819480896,1.054097040295601
243,1,1.345214605331421,1.0606727772951126
244,1,1.7552223205566406,1.07986472427845
245,1,1.206449270248413,1.079825173020363
246,1,1.356440544128418,1.0877253943681717
247,1,1.0797137022018433,1.0848007375001907
248,1,0.5853911638259888,1.0763332611322403
249,1,1.280522346496582,1.070478544831276
250,1,0.8026383519172668,1.0641339486837387
251,1,0.49384865164756775,1.0545225322246552
252,1,0.7362697720527649,1.0485948991775513
253,1,0.3482981324195862,1.03097705245018
254,1,1.0729854106903076,1.0346357798576356
255,1,0.5233750939369202,1.020007265806198
256,1,0.5516914129257202,1.002871664762497
257,1,0.3155423402786255,0.9881081187725067
258,1,0.635590136051178,0.9863536393642426
259,1,0.9400871992111206,0.9746286833286285
260,1,0.9617697596549988,0.9746721982955933
261,1,1.8925437927246094,0.9934222078323365
262,1,0.9346297979354858,0.9900892233848572
263,1,1.320160150527954,0.9966481959819794
264,1,0.551025927066803,0.9940112698078155
265,1,0.6237561702728271,0.9921224248409272
266,1,0.8905831575393677,0.9799654638767242
267,1,0.4023657441139221,0.9582205605506897
268,1,1.0919798612594604,0.9596795177459717
269,1,0.721519947052002,0.954889348745346
270,1,0.548643946647644,0.944907728433609
271,1,0.804938793182373,0.9405257904529571
272,1,0.6003196239471436,0.9311893284320831
273,1,1.3635950088500977,0.9378735411167145
274,1,0.8877779245376587,0.9431734764575959
275,1,0.562836766242981,0.9404858350753784
276,1,1.2381795644760132,0.9407201886177063
277,1,0.8157101273536682,0.9427843463420867
278,1,1.0472577810287476,0.9511922204494476
279,1,0.8379930257797241,0.9392315304279327
280,1,1.6395386457443237,0.9545657241344452
281,1,0.8468305468559265,0.9468982434272766
282,1,1.3511712551116943,0.9347543096542359
283,1,1.2989451885223389,0.9412894916534423
284,1,0.9794487357139587,0.936299682855606
285,1,1.1241819858551025,0.9387482845783234
286,1,0.9751869440078735,0.9401946246623993
287,1,0.9711233973503113,0.9369292640686036
288,1,0.4186714291572571,0.937492020726204
289,1,0.7469127178192139,0.928542063832283
290,1,1.151715874671936,0.9317073339223861
291,1,1.2652465105056763,0.9339811867475509
292,1,1.111053705215454,0.9401378852128982
293,1,1.004979133605957,0.9333331757783889
294,1,0.8945799469947815,0.9161203283071518
295,1,0.7262019515037537,0.9065153819322586
296,1,0.9670565724372864,0.8987277024984359
297,1,1.4473077058792114,0.9060795825719833
298,1,1.3151063919067383,0.9206738871335983
299,1,0.7635936737060547,0.9103353136777877
300,1,1.1255804300308228,0.9167941552400589
301,1,0.9941319227218628,0.9267998206615448
302,1,0.9427286386489868,0.9309289979934693
303,1,0.9344512224197388,0.9426520597934723
304,1,0.8817976713180542,0.9388283050060272
305,1,0.8843531012535095,0.9460478651523591
306,1,1.163995623588562,0.9582939493656158
307,1,1.268584966659546,0.9773548018932342
308,1,1.2391425371170044,0.9894258499145507
309,1,1.400389313697815,0.9986318922042847
310,1,1.060014247894287,1.0005967819690704
311,1,0.9897154569625854,0.98254021525383
312,1,1.1251070499420166,0.9863497602939606
313,1,0.8880919814109802,0.9777083969116211
314,1,1.1632511615753174,0.9899529016017914
315,1,0.8758286237716675,0.9949943506717682
316,1,0.6558306813240051,0.9902993011474609
317,1,1.3482455015182495,1.0092168962955474
318,1,1.093246340751648,1.0092422258853913
319,1,1.3526287078857422,1.0218644011020661
320,1,1.069937825202942,1.032290278673172
321,2,0.6253612041473389,1.0286987268924712
322,2,0.7102307081222534,1.0308969485759736
323,2,0.6766246557235718,1.017157541513443
324,2,0.8398390412330627,1.016198763847351
325,2,0.8594401478767395,1.0221308314800261
326,2,0.8101471066474915,1.0135701823234557
327,2,0.5691195726394653,1.0086383712291718
328,2,0.8699696063995361,1.0050926077365876
329,2,0.31882816553115845,0.9947093105316163
330,2,0.45186537504196167,0.9709558451175689
331,2,0.7059541940689087,0.9681383180618286
332,2,0.7089351415634155,0.955293595790863
333,2,0.5064492225646973,0.9394436764717102
334,2,0.4100694954395294,0.9280560916662216
335,2,0.7341665029525757,0.920255782008171
336,2,0.7251812815666199,0.915255668759346
337,2,0.46448495984077454,0.9051229000091553
338,2,0.5068440437316895,0.906886352300644
339,2,0.1414947211742401,0.8947779923677445
340,2,0.6053296327590942,0.8838502675294876
341,2,0.6215750575065613,0.8709768384695054
342,2,0.3748553991317749,0.8562528723478318
343,2,0.668225884437561,0.8495178073644638
344,2,0.9516924023628235,0.8506600564718246
345,2,0.685173511505127,0.8498394876718521
346,2,0.8087451457977295,0.846673259139061
347,2,0.887577474117279,0.8354786545038223
348,2,0.46074768900871277,0.8183914804458619
349,2,0.7111027240753174,0.817341661453247
350,2,0.5815464854240417,0.8064609825611114
351,2,0.7655030488967896,0.80188840508461
352,2,0.39717262983322144,0.7909772849082947
353,2,0.6949465870857239,0.7861871922016144
354,2,0.24882438778877258,0.7735277265310287
355,2,0.45384255051612854,0.7649175155162812
356,2,0.5609168410301208,0.7528559398651123
357,2,0.4218795895576477,0.7359218323230743
358,2,0.38338392972946167,0.7188066601753235
359,2,0.4252631664276123,0.6993041372299195
360,2,0.4318767189979553,0.6867413866519928
361,2,0.7225809097290039,0.6813986957073211
362,2,0.45086443424224854,0.6679138433933258
363,2,0.44196510314941406,0.6589913058280945
364,2,0.46804893016815186,0.6450872611999512
365,2,0.6872479915618896,0.6413156485557556
366,2,0.2448277771472931,0.6330955904722214
367,2,0.7945709228515625,0.6220220988988876
368,2,0.6408253908157349,0.6129736799001694
369,2,0.32534998655319214,0.5924281054735183
370,2,0.575880765914917,0.5825469642877579
371,2,0.5300207138061523,0.5806401544809341
372,2,0.49694299697875977,0.5763744002580643
373,2,0.5428999662399292,0.5736999064683914
374,2,0.6422408819198608,0.5697479432821274
375,2,0.45023858547210693,0.5615639120340348
376,2,0.39926862716674805,0.5533463424444198
377,2,0.6164644360542297,0.5542932397127152
378,2,0.6207044720649719,0.5493079370260239
379,2,0.6879978775978088,0.5566913312673569
380,2,0.6616601943969727,0.5608872276544571
381,2,0.42580047249794006,0.5552841532230377
382,2,0.9192265868186951,0.5594899821281433
383,2,0.6348492503166199,0.5620579826831817
384,2,0.8901069164276123,0.5716587311029434
385,2,0.9636170864105225,0.5762477427721023
386,2,0.7110188007354736,0.5759644931554795
387,2,0.4686746299266815,0.5760482865571975
388,2,1.000194787979126,0.5859153014421463
389,2,0.4944549798965454,0.5929745066165925
390,2,0.6395480632781982,0.5936588752269745
391,2,0.40064918994903564,0.589240357875824
392,2,0.7243285775184631,0.5962298214435577
393,2,0.9673768281936646,0.6022128403186798
394,2,0.5539037585258484,0.5942570674419403
395,2,0.5365824103355408,0.5912852454185485
396,2,0.49048373103141785,0.5849200171232224
397,2,0.4423493444919586,0.5760154545307159
398,2,0.3783753216266632,0.5743680071830749
399,2,0.37930211424827576,0.5677319949865341
400,2,0.3492058515548706,0.5630851823091507
401,2,0.5418130159378052,0.558611381649971
402,2,0.6054250001907349,0.5627764290571213
403,2,0.6499307155609131,0.5618761116266251
404,2,0.679104745388031,0.5704817187786102
405,2,0.42653632164001465,0.569935594201088
406,2,0.5683575868606567,0.5700844091176986
407,2,0.5312798619270325,0.5722724145650864
408,2,0.45501863956451416,0.5737051087617874
409,2,0.7627248764038086,0.5804543429613114
410,2,0.42057231068611145,0.5802282547950744
411,2,0.642634391784668,0.5786293244361878
412,2,0.5327354669570923,0.5802667450904846
413,2,0.5417800545692444,0.5822630441188812
414,2,0.671100378036499,0.5863240730762481
415,2,0.9168727397918701,0.5909165680408478
416,2,0.728706955909729,0.6005941516160965
417,2,0.6858737468719482,0.5984202080965042
418,2,0.49635839462280273,0.5955308681726456
419,2,0.556165337562561,0.6001471751928329
420,2,0.9058783054351807,0.6067471259832382
421,2,0.5852428674697876,0.6078515690565109
422,2,0.30112403631210327,0.6039351898431778
423,2,0.3064810633659363,0.5992068117856979
424,2,0.7534692883491516,0.6014313799142837
425,2,0.6232329607009888,0.6048912674188613
426,2,0.631110429763794,0.6095281034708023
427,2,0.6197222471237183,0.609593259692192
428,2,0.23441438376903534,0.6018674579262734
429,2,0.4901198148727417,0.597909896671772
430,2,0.42233723402023315,0.5931234374642372
431,2,0.8862777352333069,0.6023329827189445
432,2,0.29279839992523193,0.5898044189810753
433,2,0.546586811542511,0.5880391702055932
434,2,0.3979775905609131,0.5781965836882591
435,2,0.5824225544929504,0.5705726930499077
436,2,0.6059191226959229,0.5684706994891167
437,2,0.6742225885391235,0.5725816586613655
438,2,0.4439534842967987,0.561456832587719
439,2,0.4803774356842041,0.5611752817034721
440,2,0.43373584747314453,0.5570590373873711
441,2,0.6545867919921875,0.5621377894282341
442,2,0.6569194197654724,0.5607896062731743
443,2,0.5225043892860413,0.5518921574950219
444,2,1.0648369789123535,0.562110821902752
445,2,0.42226725816726685,0.5598245188593864
446,2,0.5589569211006165,0.5611939826607704
447,2,0.6568579077720642,0.5654841539263725
448,2,0.6052442789077759,0.5700215330719948
449,2,0.8270329236984253,0.5789761492609977
450,2,0.7067516446113586,0.5861270651221275
451,2,0.8371796011924744,0.5920343968272209
452,2,0.4384341835975647,0.5886945804953575
453,2,0.6601240634918213,0.5888984474539757
454,2,0.6378334164619446,0.588073020875454
455,2,0.6117954254150391,0.5917782029509544
456,2,0.3954330086708069,0.5883197113871574
457,2,0.5296379923820496,0.5882868739962578
458,2,0.7209500670433044,0.5936055025458336
459,2,0.5632023811340332,0.5896150526404381
460,2,0.6583747863769531,0.5943711021542549
461,2,0.4664143919944763,0.590846702158451
462,2,0.5867788791656494,0.5919275704026222
463,2,0.6457123756408691,0.5940062168240547
464,2,0.5534283518791199,0.5916527763009072
465,2,0.6520345211029053,0.5863560119271278
466,2,0.8272966146469116,0.5883278051018714
467,2,0.5041480660438538,0.5846932914853096
468,2,0.5237082242965698,0.5852402880787849
469,2,1.1232106685638428,0.5965811946988105
470,2,0.3076586127281189,0.5846168008446694
471,2,0.47332221269607544,0.5823783877491951
472,2,0.2906038165092468,0.582167983353138
473,2,0.7030609250068665,0.5900995805859566
474,2,0.8346433639526367,0.5917230620980263
475,2,0.5277495384216309,0.5898133936524391
476,2,0.5945442318916321,0.5890820696949959
477,2,0.8654310703277588,0.5939962461590766
478,2,0.505641520023346,0.599420788884163
479,2,0.6361929178237915,0.6023422509431839
480,2,0.8529261350631714,0.6109540289640427
481,2,0.5723081827163696,0.6046746379137039
482,2,0.575424313545227,0.6103271561861038
483,2,0.8522454500198364,0.6164403289556504
484,2,0.6676686406135559,0.6218341499567032
485,2,0.5791850090026855,0.6217693990468979
486,2,0.43589022755622864,0.618368821144104
487,2,0.34898918867111206,0.6118641531467438
488,2,0.7223292589187622,0.6174316686391831
489,2,0.43029049038887024,0.6164299297332764
490,2,0.7425514459609985,0.6226062417030335
491,2,0.38813215494155884,0.6172771489620209
492,2,0.4751434028148651,0.6136416286230088
493,2,0.7283545732498169,0.6177586323022842
494,2,0.4617398977279663,0.6056966906785965
495,2,0.8500942587852478,0.6142532306909562
496,2,1.0300192832946777,0.6236744779348373
497,2,0.3613479435443878,0.6177642786502838
498,2,0.6756566762924194,0.6191725265979767
499,2,0.6135238409042358,0.614902344942093
500,2,0.7140418887138367,0.6150481498241425
501,2,0.905630350112915,0.6164171648025513
502,2,0.5486428737640381,0.6186213386058808
503,2,0.9484802484512329,0.624388462305069
504,2,0.566573977470398,0.6229632735252381
505,2,0.9063280820846558,0.6288539266586304
506,2,0.7406535148620605,0.6357583367824554
507,2,0.5981663465499878,0.6371289038658142
508,2,0.9083630442619324,0.6408771634101867
509,2,0.5526261329650879,0.6406656384468079
510,2,0.728410542011261,0.642066353559494
511,2,0.7713345885276794,0.6481647574901581
512,2,0.7440568208694458,0.651310316324234
513,2,0.6720656156539917,0.6518373811244964
514,2,0.982591986656189,0.6604206538200379
515,2,0.5378521084785461,0.6581370055675506
516,2,0.5006569623947144,0.6516042125225067
517,2,0.25833067297935486,0.6466878646612167
518,2,1.0009326934814453,0.6562323540449142
519,2,0.7671521902084351,0.6491111844778061
520,2,0.5017062425613403,0.6529921370744706
521,2,0.9567370414733887,0.6626604336500168
522,2,0.6932621002197266,0.6707135993242264
523,2,0.7427922487258911,0.6715082257986069
524,2,0.5387104749679565,0.6655895680189132
525,2,0.7740116119384766,0.6705148094892501
526,2,0.3433403968811035,0.6654907327890396
527,2,0.6648764610290527,0.6614796406030655
528,2,0.4988398253917694,0.6613436067104339
529,2,0.7744942903518677,0.6641096341609954
530,2,1.0405765771865845,0.6678626430034638
531,2,0.5438665151596069,0.6672938096523285
532,2,0.8156031370162964,0.6720973861217499
533,2,0.35805898904800415,0.6622136569023133
534,2,0.5443035364151001,0.6597463548183441
535,2,0.7400043606758118,0.6629627418518066
536,2,0.7298716306686401,0.6688423699140549
537,2,0.8235156536102295,0.6783328992128372
538,2,0.9369055032730103,0.6826244240999222
539,2,0.6449669599533081,0.686917953491211
540,2,0.813252329826355,0.6883319711685181
541,2,0.6701170206069946,0.6939716684818268
542,2,0.4207489490509033,0.6928837794065476
543,2,0.7499464750289917,0.693315617442131
544,2,0.5183542370796204,0.6944479042291641
545,2,0.8035188913345337,0.6935163968801499
546,2,0.6969507932662964,0.6868550270795822
547,2,0.551404595375061,0.6906561601161957
548,2,0.7039040327072144,0.6912211072444916
549,2,0.5214871168136597,0.68938037276268
550,2,0.5048936605453491,0.6851974081993103
551,2,1.338860034942627,0.6938620018959045
552,2,0.654261589050293,0.6959743762016296
553,2,0.5029188990592957,0.6870631492137909
554,2,0.7724580764770508,0.6911808311939239
555,2,0.788955807685852,0.6888333857059479
556,2,0.7933828830718994,0.6898879730701446
557,2,0.6737500429153442,0.6913996469974518
558,2,0.887872576713562,0.6909898376464844
559,2,0.5312507748603821,0.6905623304843903
560,2,1.1507643461227417,0.6990094065666199
561,2,0.47049352526664734,0.6929925853013992
562,2,0.5603073835372925,0.6893175965547562
563,2,0.7808322906494141,0.6914929300546646
564,2,0.4239724278450012,0.6803205388784409
565,2,0.5071858763694763,0.6797072142362595
566,2,0.9919013977050781,0.6895321029424667
567,2,0.7198642492294312,0.6987627744674683
568,2,0.9483654499053955,0.6977114295959472
569,2,0.7936446666717529,0.6982412791252136
570,2,0.4515843987464905,0.6972388422489166
571,2,0.9364433288574219,0.6968329679965973
572,2,0.6093134880065918,0.6951539957523346
573,2,0.48450177907943726,0.6899881863594055
574,2,0.7575738430023193,0.6943654537200927
575,2,0.8420026898384094,0.6957252752780915
576,2,0.6289492845535278,0.7014374530315399
577,2,0.49534833431243896,0.6980468904972077
578,2,0.6592828631401062,0.7012557512521744
579,2,0.36477816104888916,0.6930614286661148
580,2,0.6428759098052979,0.6851074153184891
581,2,0.8194433450698853,0.6906189519166946
582,2,0.993362545967102,0.6941741400957108
583,2,0.5799510478973389,0.6986119812726974
584,2,0.45807480812072754,0.69688740670681
585,2,1.1005589962005615,0.704098499417305
586,2,0.8060901165008545,0.7056228691339492
587,2,0.5133032202720642,0.699418620467186
588,2,0.5676045417785645,0.692032601237297
589,2,0.613174557685852,0.6913967531919479
590,2,0.8543587923049927,0.6922188824415207
591,2,0.4598294198513031,0.6880131304264069
592,2,0.5316747426986694,0.6902316462993622
593,2,0.6487663984298706,0.6882080447673797
594,2,0.6180028319358826,0.690201016664505
595,2,0.8418897390365601,0.6909684336185455
596,2,0.7430177927017212,0.691889773607254
597,2,0.8849966526031494,0.6985616147518158
598,2,0.4385818839073181,0.6932551717758179
599,2,0.6277803778648376,0.6953810369968414
600,2,0.5136967897415161,0.6955570995807647
601,2,0.3839033544063568,0.6764579659700394
602,2,0.7249547243118286,0.6778718286752701
603,2,0.24821919202804565,0.6727778345346451
604,2,0.3783274292945862,0.6648952215909958
605,2,0.3830838203430176,0.6567777818441392
606,2,0.7832921147346497,0.6565759664773941
607,2,0.44391685724258423,0.6519793027639389
608,2,0.7583185434341431,0.6493882220983506
609,2,0.7002751231193542,0.65276870906353
610,2,0.663272500038147,0.6430188721418381
611,2,0.8888572454452515,0.6513861465454102
612,2,0.8588277697563171,0.6573565542697907
613,2,0.41110697388648987,0.6499620479345322
614,2,0.4457746744155884,0.6503980928659439
615,2,0.5896956324577332,0.6520482879877091
616,2,0.45503824949264526,0.6413110250234604
617,2,0.2505074441432953,0.6319238889217377
618,2,0.19519859552383423,0.6168605518341065
619,2,0.7187668085098267,0.615362994670868
620,2,0.6168347001075745,0.6186680006980896
621,2,1.2074565887451172,0.6240882658958435
622,2,0.31941550970077515,0.6182903063297271
623,2,0.5684945583343506,0.6199701619148255
624,2,0.5372449159622192,0.6155635833740234
625,2,0.6597616076469421,0.6119187617301941
626,2,0.7875838279724121,0.6150914525985718
627,2,0.9693126082420349,0.6245707380771637
628,2,0.6082214117050171,0.623549509048462
629,2,0.6698794960975647,0.6296515357494354
630,2,0.9353225827217102,0.6355004692077637
631,2,0.6848970651626587,0.6328095436096192
632,2,0.6538689136505127,0.6260196709632874
633,2,0.7878625988960266,0.6301779019832611
634,2,0.6410006880760193,0.6338364195823669
635,2,0.9385940432548523,0.6305971205234527
636,2,0.5168494582176208,0.624812307357788
637,2,0.5957139730453491,0.6264605224132538
638,2,0.7455602884292603,0.6300196373462676
639,2,0.4999812841415405,0.6277557718753815
640,2,0.8246215581893921,0.6271610271930694
641,3,0.4588022530078888,0.6271404838562011
642,3,0.44459325075149536,0.6253988540172577
643,3,0.49073442816734314,0.6222382146120071
644,3,0.3295881748199463,0.6164699214696884
645,3,0.5269321203231812,0.6101707690954208
646,3,0.4309846758842468,0.6039301067590713
647,3,0.41638314723968506,0.5945578366518021
648,3,0.457011342048645,0.5949264258146286
649,3,0.2754038870334625,0.5878788959980011
650,3,0.27528372406959534,0.5831106346845627
651,3,0.42410141229629517,0.5839145958423615
652,3,0.3159535527229309,0.5757345724105835
653,3,0.3438524007797241,0.5776472365856171
654,3,0.2803477644920349,0.575687643289566
655,3,0.3354235291481018,0.5747344374656678
656,3,0.2724580466747284,0.5645177561044693
657,3,0.4049268960952759,0.5637379568815232
658,3,0.3519277572631836,0.5556101411581039
659,3,0.3809930682182312,0.5492245000600815
660,3,0.4279998242855072,0.5445190465450287
661,3,0.36286336183547974,0.5339991688728333
662,3,0.49720367789268494,0.5267666870355606
663,3,0.2813490927219391,0.5241715294122696
664,3,0.3332115113735199,0.5219202661514282
665,3,0.17190156877040863,0.5135643848776817
666,3,0.5382745265960693,0.5152291104197502
667,3,0.2606985569000244,0.5154329326748848
668,3,0.16074782609939575,0.514743917286396
669,3,0.1532769352197647,0.5034341198205948
670,3,0.41214174032211304,0.49934026062488557
671,3,0.47635310888290405,0.4847181910276413
672,3,0.5336301326751709,0.4890024834871292
673,3,0.5817341804504395,0.48926727592945096
674,3,0.41333943605422974,0.4867891663312912
675,3,0.5609790086746216,0.4848135143518448
676,3,0.7949546575546265,0.4849609309434891
677,3,0.24562451243400574,0.4704871690273285
678,3,0.5594550371170044,0.46951184153556824
679,3,0.2943513095378876,0.4620012778043747
680,3,0.3322966694831848,0.44994075953960416
681,3,0.1891424059867859,0.44002566635608675
682,3,0.29948553442955017,0.4329379987716675
683,3,0.3347824811935425,0.4238763964176178
684,3,0.2787092924118042,0.4166305685043335
685,3,0.36485007405281067,0.40515568912029265
686,3,0.2821809649467468,0.4004623192548752
687,3,0.5824431777000427,0.40019690334796904
688,3,0.3832152783870697,0.39295000314712525
689,3,0.20994991064071655,0.3871493756771088
690,3,0.19955770671367645,0.37464809864759446
691,3,0.38630011677742004,0.37319805592298505
692,3,0.3051930069923401,0.37041005104780195
693,3,0.4614536762237549,0.3698244360089302
694,3,0.31010323762893677,0.36943473726511
695,3,0.33140575885772705,0.36552421003580093
696,3,0.28979024291038513,0.3627003213763237
697,3,0.5052219033241272,0.3644770964980125
698,3,0.5408145189285278,0.3661531600356102
699,3,0.3715340197086334,0.36807576268911363
700,3,0.3279282748699188,0.3691286537051201
701,3,0.2773590683937073,0.3661938068270683
702,3,0.272361695766449,0.3653219696879387
703,3,0.24820077419281006,0.36340893715620043
704,3,0.15306603908538818,0.3608633026480675
705,3,0.36813169717788696,0.3615174660086632
706,3,0.407266765832901,0.36421364039182663
707,3,0.38496923446655273,0.3638144871592522
708,3,0.2900084853172302,0.3625761017203331
709,3,0.42672106623649597,0.3634906616806984
710,3,0.7332621812820435,0.3695959088206291
711,3,0.33778145909309387,0.3690942707657814
712,3,0.20683567225933075,0.3632869106531143
713,3,0.48144954442977905,0.3672889196872711
714,3,0.3693443536758423,0.36801157653331756
715,3,0.4863399267196655,0.3743003436923027
716,3,0.28395068645477295,0.36921386688947677
717,3,0.24822688102722168,0.36896443337202073
718,3,0.4142250418663025,0.37403397768735885
719,3,0.4801577031612396,0.3805715930461884
720,3,0.34188902378082275,0.37916653871536254
721,3,0.3160621225833893,0.3759607189893723
722,3,0.1970902979373932,0.3692299222946167
723,3,0.6689644455909729,0.3709745275974274
724,3,0.37912195920944214,0.3702901780605316
725,3,0.4218596816062927,0.367507791519165
726,3,0.1707974374294281,0.3550246471166611
727,3,0.5928024053573608,0.36196820497512816
728,3,0.2040843814611435,0.35486079186201097
729,3,0.8715250492095947,0.3664042666554451
730,3,0.6774017810821533,0.37330636888742447
731,3,0.3574613928794861,0.3766727486252785
732,3,0.39692553877830505,0.37862154871225356
733,3,0.2037058174610138,0.376000015437603
734,3,0.4843830466270447,0.3801134905219078
735,3,0.4174792766571045,0.3811660745739937
736,3,0.43209725618362427,0.38416440039873123
737,3,0.3247043192386627,0.37900962322950366
738,3,0.5255391001701355,0.3818560996651649
739,3,0.22782394289970398,0.3822135803103447
740,3,0.5912517309188843,0.39004746079444885
741,3,0.18940789997577667,0.38610961645841596
742,3,0.349391371011734,0.3869935837388039
743,3,0.12334553897380829,0.3802314209938049
744,3,0.7084059715270996,0.3881974756717682
745,3,0.4879560172557831,0.3913284808397293
746,3,0.3431655764579773,0.39239598751068117
747,3,0.242048978805542,0.3871325290203094
748,3,0.41755765676498413,0.38466739177703857
749,3,0.30515265464782715,0.38333976447582246
750,3,0.4020090103149414,0.3848213791847229
751,3,0.12025618553161621,0.3816793215274811
752,3,0.34932106733322144,0.38321850895881654
753,3,0.32574498653411865,0.3847693932056427
754,3,0.3228370249271393,0.38816481292247773
755,3,0.3540191054344177,0.3878825610876083
756,3,0.3724834620952606,0.3871868950128555
757,3,0.4244328737258911,0.3879761677980423
758,3,0.4483806788921356,0.3911436116695404
759,3,0.14481055736541748,0.3855054014921188
760,3,0.339715838432312,0.37763447463512423
761,3,0.5632365942001343,0.382143577337265
762,3,0.24859270453453064,0.382978717982769
763,3,0.48734158277511597,0.38309655874967574
764,3,0.23560120165348053,0.3804216957092285
765,3,0.38002389669418335,0.37829537510871886
766,3,0.3842930793762207,0.38030222296714783
767,3,0.24081018567085266,0.38015388906002046
768,3,0.3582727313041687,0.37903484284877775
769,3,0.4932537078857422,0.3792967629432678
770,3,0.39812877774238586,0.3804215580224991
771,3,0.3399176597595215,0.38089866876602174
772,3,0.3826131820678711,0.38460912644863127
773,3,0.32821762561798096,0.3777941900491715
774,3,0.2825353443622589,0.37586245775222776
775,3,0.22669383883476257,0.37195914089679716
776,3,0.11870376765727997,0.37091726750135423
777,3,0.24198833107948303,0.3639009860157967
778,3,0.41670894622802734,0.36815347731113435
779,3,0.47895002365112305,0.3603019767999649
780,3,0.27250322699546814,0.3522040057182312
781,3,0.3803912401199341,0.35266260266304017
782,3,0.2533441185951233,0.34979097425937655
783,3,0.5954641103744507,0.35762614011764526
784,3,0.2410334050655365,0.3527591472864151
785,3,0.3512657880783081,0.35143487751483915
786,3,0.4470847249031067,0.3517346268892288
787,3,0.4811409115791321,0.3548633587360382
788,3,0.29869967699050903,0.3503265702724457
789,3,0.306499183177948,0.3519000750780106
790,3,0.17604434490203857,0.34359592735767364
791,3,0.4429304003715515,0.34866637736558914
792,3,0.5791183710098267,0.353260917365551
793,3,0.38297101855278015,0.35845342695713045
794,3,0.2870929539203644,0.3500271666049957
795,3,0.16092456877231598,0.3434865376353264
796,3,0.47452935576438904,0.3461138132214546
797,3,0.3492909073829651,0.3482586517930031
798,3,0.20689018070697784,0.34404530227184293
799,3,0.39808350801467896,0.34590391933917997
800,3,0.4193437695503235,0.3462506145238876
801,3,0.3797580599784851,0.35144065201282504
802,3,0.2521592378616333,0.34949741542339324
803,3,0.6527086496353149,0.35603668868541716
804,3,0.1542656123638153,0.3526652604341507
805,3,0.28518858551979065,0.35128865003585813
806,3,0.34356752038002014,0.35071033120155337
807,3,0.38405558466911316,0.3499027854204178
808,3,0.13834768533706665,0.3437021255493164
809,3,0.2671632468700409,0.34614917933940886
810,3,0.2935447692871094,0.34522575795650484
811,3,0.40536147356033325,0.3420682555437088
812,3,0.4080543518066406,0.345257488489151
813,3,0.5318179726600647,0.34614701628684996
814,3,0.32034391164779663,0.3478418704867363
815,3,0.5177668929100037,0.3505967304110527
816,3,0.23003125190734863,0.34751149386167524
817,3,0.6133843660354614,0.35496297746896743
818,3,0.36542025208473206,0.35510592788457873
819,3,0.22101053595542908,0.34966106444597245
820,3,0.3446562886238098,0.34859161466360095
821,3,0.39985737204551697,0.34979040890932084
822,3,0.3772028088569641,0.3496822014451027
823,3,0.3653154671192169,0.3504241582751274
824,3,0.7136300206184387,0.359046051800251
825,3,0.5801491737365723,0.3661151584982872
826,3,0.3265179395675659,0.3702714419364929
827,3,0.327741801738739,0.37198651134967803
828,3,0.8225992918014526,0.38010431826114655
829,3,0.18922610580921173,0.37430983990430833
830,3,0.7350531816482544,0.38356083899736404
831,3,0.3021038770675659,0.3819950917363167
832,3,0.5107531547546387,0.38714327245950697
833,3,0.34839171171188354,0.38220182448625567
834,3,0.323120653629303,0.38384356945753095
835,3,0.2991858124732971,0.38280196994543075
836,3,0.19380512833595276,0.37773637801408766
837,3,0.21041613817214966,0.372321882545948
838,3,0.4715065658092499,0.3757780203223228
839,3,0.25275588035583496,0.3747031542658806
840,3,0.3496829867362976,0.37817592710256576
841,3,0.2687265872955322,0.3746918508410454
842,3,0.44679173827171326,0.3720453181862831
843,3,0.37038281559944153,0.3717935541272163
844,3,0.43912583589553833,0.3748342117667198
845,3,0.2674703001976013,0.3769651263952255
846,3,0.3546651303768158,0.37456784188747405
847,3,0.20938360691070557,0.3717696958780289
848,3,0.37202024459838867,0.3750722971558571
849,3,0.13648858666419983,0.3698403987288475
850,3,0.5883747339248657,0.37322101801633834
851,3,0.48533326387405396,0.3753325220942497
852,3,0.14109210669994354,0.3731111794710159
853,3,0.4965514540672302,0.36998803555965426
854,3,0.4281134605407715,0.3754649925231934
855,3,0.32670944929122925,0.37629540979862214
856,3,0.22582687437534332,0.3739405968785286
857,3,0.4008921980857849,0.374277329146862
858,3,0.5299505591392517,0.3821093866229057
859,3,0.3470940589904785,0.3837080028653145
860,3,0.4217727780342102,0.3862725630402565
861,3,0.2616126537322998,0.38339758664369583
862,3,0.4991537928581238,0.3852195754647255
863,3,0.28386586904525757,0.3802605333924294
864,3,0.23321020603179932,0.3785178592801094
865,3,0.28240740299224854,0.3738106694817543
866,3,0.37647002935409546,0.37673944503068924
867,3,0.3040645122528076,0.3705530479550362
868,3,0.35249966382980347,0.3702946361899376
869,3,0.45245039463043213,0.37492343336343764
870,3,0.392538845539093,0.3758810845017433
871,3,0.4720406234264374,0.37732474952936174
872,3,0.3366314470767975,0.3765133222937584
873,3,0.18105551600456238,0.3728281232714653
874,3,0.6537376642227173,0.3716302761435509
875,3,0.24763715267181396,0.3649800357222557
876,3,0.43225130438804626,0.3670947030186653
877,3,0.46256113052368164,0.3697910895943642
878,3,0.48832690715789795,0.3631056419014931
879,3,0.2901735305786133,0.3651245903968811
880,3,0.5558692812919617,0.3615409123897553
881,3,0.39010775089263916,0.3633009898662567
882,3,0.20203857123851776,0.3571266981959343
883,3,0.3544189929962158,0.35724724382162093
884,3,0.21944552659988403,0.3551737412810326
885,3,0.4886053204536438,0.3589621314406395
886,3,0.33187752962112427,0.3617235794663429
887,3,0.5598843097686768,0.36871294289827344
888,3,0.26790300011634827,0.36464087158441544
889,3,0.2882372736930847,0.36535049945116044
890,3,0.37487921118736267,0.36585442394018175
891,3,0.5388122797012329,0.37125613778829575
892,3,0.3433908224105835,0.36918811947107316
893,3,0.6007262468338013,0.37379498809576034
894,3,0.4629806876182556,0.3742720851302147
895,3,0.3623116612434387,0.3761689123511314
896,3,0.6022884249687195,0.3811213782429695
897,3,0.4479050040245056,0.3858918061852455
898,3,0.22384676337242126,0.38292833656072617
899,3,0.2670893371105194,0.38554035156965255
900,3,0.15426385402679443,0.37685813397169116
901,3,0.5293063521385193,0.37773759573698046
902,3,0.4254724979400635,0.38342520356178283
903,3,0.14662237465381622,0.37642662197351456
904,3,0.5203734636306763,0.3782718220353127
905,3,0.5980346202850342,0.3836983254551887
906,3,0.3369925320148468,0.38592163860797885
907,3,0.46970194578170776,0.3872978335618973
908,3,0.3612309992313385,0.383923442363739
909,3,0.32436978816986084,0.38346895694732663
910,3,0.43129146099090576,0.38365933060646057
911,3,0.18696808815002441,0.3821664392948151
912,3,0.27080920338630676,0.3775995475053787
913,3,0.4040169417858124,0.3800025689601898
914,3,0.33962368965148926,0.3821308386325836
915,3,0.33965933322906494,0.38327587723731993
916,3,0.5633934736251831,0.3870143461227417
917,3,0.22620582580566406,0.38545717239379884
918,3,0.1355869174003601,0.38111891746521
919,3,0.20830921828746796,0.37623609393835067
920,3,0.4083685576915741,0.3765526881814003
921,3,0.5664459466934204,0.37844079464673996
922,3,0.45976442098617554,0.38090345412492754
923,3,0.4886729419231415,0.3870558026432991
924,3,0.3386862576007843,0.3807547745108604
925,3,0.21219614148139954,0.3800459542870522
926,3,0.39052486419677734,0.3792114254832268
927,3,0.4575216770172119,0.3791106364130974
928,3,0.5606867671012878,0.38055783361196516
929,3,0.5189868211746216,0.3851340994238853
930,3,0.49904531240463257,0.38399762004613874
931,3,0.24466335773468018,0.38108873218297956
932,3,0.19992439448833466,0.38104644864797593
933,3,0.309917688369751,0.3801564225554466
934,3,0.3955685794353485,0.3836788836121559
935,3,0.4292173385620117,0.3824911239743233
936,3,0.285819411277771,0.3815699616074562
937,3,0.3703807592391968,0.3777798905968666
938,3,0.3003540635108948,0.3784289118647575
939,3,0.4016374945640564,0.38069691628217694
940,3,0.334209680557251,0.37988352566957473
941,3,0.43470799922943115,0.3778014400601387
942,3,0.36437106132507324,0.3782210448384285
943,3,0.3521050810813904,0.3732486215233803
944,3,0.4129481017589569,0.3722479698061943
945,3,0.2641921043395996,0.3702855786681175
946,3,0.2127666175365448,0.362495142519474
947,3,0.4145968556404114,0.36182897955179216
948,3,0.4854360520839691,0.3670607653260231
949,3,0.3971303105354309,0.3696615847945213
950,3,0.366118848323822,0.3738986846804619
951,3,0.3326891362667084,0.36996634036302567
952,3,0.20678186416625977,0.3655925276875496
953,3,0.27331843972206116,0.3681264489889145
954,3,0.6729789972305298,0.37117855966091157
955,3,0.5177798271179199,0.3695734637975693
956,3,0.4078531265258789,0.37099067568778993
957,3,0.5048632621765137,0.37169390201568603
958,3,0.21016541123390198,0.3686725902557373
959,3,0.19109252095222473,0.3660070449113846
960,3,0.3042024075984955,0.3634652638435364
961,4,0.2554892599582672,0.3648356872797012
962,4,0.1581239551305771,0.36258198231458666
963,4,0.1898275464773178,0.35829819440841676
964,4,0.0633518323302269,0.3527727572619915
965,4,0.3775952458381653,0.3535314755141735
966,4,0.2478044331073761,0.34721969470381736
967,4,0.2235497385263443,0.34716657295823095
968,4,0.15017837285995483,0.34745840206742284
969,4,0.13232967257499695,0.34593881115317343
970,4,0.22446125745773315,0.3422606651484966
971,4,0.2392253279685974,0.3357162527740002
972,4,0.08763297647237778,0.3282736238837242
973,4,0.2969248592853546,0.32443866223096846
974,4,0.2710989713668823,0.32308691650629046
975,4,0.36713194847106934,0.32618563264608386
976,4,0.3842286169528961,0.3260597077012062
977,4,0.20712712407112122,0.3210518166422844
978,4,0.31495460867881775,0.31613717347383496
979,4,0.166357159614563,0.3090845802426338
980,4,0.14677423238754272,0.302039158642292
981,4,0.3031623661518097,0.3032091388106346
982,4,0.23557910323143005,0.30392223298549653
983,4,0.3286689519882202,0.3042972582578659
984,4,0.10998248308897018,0.2985855363309383
985,4,0.2138652801513672,0.2942784951627255
986,4,0.19471807777881622,0.29245646849274637
987,4,0.5877342820167542,0.2968035389482975
988,4,0.24780626595020294,0.2957525829970837
989,4,0.3016580641269684,0.2937529943883419
990,4,0.1864362210035324,0.29079752519726754
991,4,0.27128419280052185,0.28752904906868937
992,4,0.3334740996360779,0.2869111098349094
993,4,0.19055455923080444,0.28368009939789773
994,4,0.16126741468906403,0.27864648565649985
995,4,0.3979858160018921,0.2813223598897457
996,4,0.2178989052772522,0.28142500564455986
997,4,0.2005741149187088,0.2771445508301258
998,4,0.20148491859436035,0.27146552816033365
999,4,0.17063124477863312,0.26693554684519766
1000,4,0.28811103105545044,0.2653753904998302
1001,4,0.13123944401741028,0.26134639665484427
1002,4,0.10464856028556824,0.25930373057723044
1003,4,0.2082676887512207,0.2580027155578136
1004,4,0.36980074644088745,0.2519391505420208
1005,4,0.13602641224861145,0.24430408224463462
1006,4,0.22826477885246277,0.2407123152911663
1007,4,0.24756282567977905,0.23556630656123162
1008,4,0.17904993891716003,0.23494399711489677
1009,4,0.11433003842830658,0.23340874746441842
1010,4,0.2743759751319885,0.23281221881508826
1011,4,0.0576976016163826,0.2288563856482506
1012,4,0.1449378877878189,0.2285926643013954
1013,4,0.2126002013683319,0.2290481173992157
1014,4,0.2726091742515564,0.2332332642376423
1015,4,0.2730928063392639,0.23114321544766425
1016,4,0.209159255027771,0.23037031188607215
1017,4,0.1884322464466095,0.22966796204447745
1018,4,0.19108790159225464,0.23048615261912345
1019,4,0.21408024430274963,0.23212116405367852
1020,4,0.15003293752670288,0.23063259765505792
1021,4,0.156296044588089,0.22897401198744774
1022,4,0.10091757774353027,0.22923970401287078
1023,4,0.3493128716945648,0.23028746426105498
1024,4,0.2795887887477875,0.2304572606086731
1025,4,0.17587599158287048,0.22663214147090913
1026,4,0.22598013281822205,0.22346717178821562
1027,4,0.20058420300483704,0.22333631336688994
1028,4,0.22550275921821594,0.2215472763776779
1029,4,0.07808391749858856,0.21978181153535842
1030,4,0.15057061612606049,0.21985773921012877
1031,4,0.08655820041894913,0.21552565589547157
1032,4,0.2575644850730896,0.21596536353230478
1033,4,0.15965773165225983,0.21258513912558555
1034,4,0.08497204631567001,0.21208493039011955
1035,4,0.20214179158210754,0.21185046061873436
1036,4,0.07766924053430557,0.20950948387384416
1037,4,0.3938697576522827,0.20563219338655472
1038,4,0.11214390397071838,0.20291894614696504
1039,4,0.1637650728225708,0.20016108632087706
1040,4,0.29072344303131104,0.20224683076143266
1041,4,0.2644253671169281,0.20210965424776078
1042,4,0.35073503851890564,0.20245487302541731
1043,4,0.16468319296836853,0.2019374457001686
1044,4,0.16904443502426147,0.20209298610687257
1045,4,0.2538483440876007,0.19921023666858673
1046,4,0.04999905452132225,0.19585223965346812
1047,4,0.3334970772266388,0.19851069889962672
1048,4,0.18902882933616638,0.19826157711446285
1049,4,0.32533466815948486,0.20135564558207988
1050,4,0.12048853933811188,0.19800319574773312
1051,4,0.08718529343605042,0.19712211273610591
1052,4,0.28407779335975647,0.20071069739758968
1053,4,0.33673399686813354,0.20328002355992794
1054,4,0.24334385991096497,0.20075088582932948
1055,4,0.29091721773147583,0.20384870193898677
1056,4,0.14139814674854279,0.20211136929690837
1057,4,0.09382615238428116,0.19903663583099843
1058,4,0.14294025301933289,0.1983144421130419
1059,4,0.21465462446212769,0.2003209338337183
1060,4,0.0943957269191742,0.196721328869462
1061,4,0.17908233404159546,0.19914902351796626
1062,4,0.21449342370033264,0.20054013423621656
1063,4,0.2234160602092743,0.20075645141303539
1064,4,0.210486501455307,0.19951399795711042
1065,4,0.2180486023426056,0.19841311387717725
1066,4,0.17713090777397156,0.19777254693210125
1067,4,0.29990655183792114,0.20000203303992747
1068,4,0.23249150812625885,0.20083010517060756
1069,4,0.2474958598613739,0.20149841748178005
1070,4,0.524337112903595,0.2089845009893179
1071,4,0.19722412526607513,0.20980306260287762
1072,4,0.3470199704170227,0.21472511045634746
1073,4,0.1597980260848999,0.21093481354415416
1074,4,0.3722218871116638,0.2127874755114317
1075,4,0.28397074341773987,0.21494937054812907
1076,4,0.3322128355503082,0.2170740246027708
1077,4,0.08800804615020752,0.21482250146567822
1078,4,0.2002849578857422,0.21431814543902875
1079,4,0.2770869731903076,0.2182982065528631
1080,4,0.2857426702976227,0.22100164763629437
1081,4,0.20749740302562714,0.22342043168842793
1082,4,0.07147703319787979,0.21969868265092374
1083,4,0.2522215247154236,0.221549958512187
1084,4,0.3398823142051697,0.226648163869977
1085,4,0.19802579283714294,0.2265658438950777
1086,4,0.0995660275220871,0.22700377963483334
1087,4,0.23745687305927277,0.22387552194297314
1088,4,0.15281924605369568,0.22468902878463268
1089,4,0.10390649735927582,0.22349185727536677
1090,4,0.23165994882583618,0.22231058739125728
1091,4,0.06265745311975479,0.2182752291113138
1092,4,0.24325506389141083,0.21612562961876391
1093,4,0.24620874226093292,0.2177561406046152
1094,4,0.17958886921405792,0.21796702928841113
1095,4,0.327942430973053,0.21944891102612019
1096,4,0.2621576189994812,0.22369208231568335
1097,4,0.7757052779197693,0.23253624632954598
1098,4,0.44348958134651184,0.23762546136975288
1099,4,0.15790024399757385,0.23427677288651466
1100,4,0.15966114401817322,0.2350602249801159
1101,4,0.17314736545085907,0.23677946642041206
1102,4,0.1989932358264923,0.23507777526974677
1103,4,0.13712802529335022,0.2310856558382511
1104,4,0.5511256456375122,0.23724129155278206
1105,4,0.054808489978313446,0.23251911699771882
1106,4,0.2604740858078003,0.23490063577890397
1107,4,0.29474949836730957,0.23891910269856453
1108,4,0.13820704817771912,0.23882443860173225
1109,4,0.2167733758687973,0.23886681362986564
1110,4,0.24550306797027588,0.24188896045088767
1111,4,0.28418081998825073,0.2439909301698208
1112,4,0.31354475021362305,0.2459719567000866
1113,4,0.3279007077217102,0.2480616496503353
1114,4,0.3839925229549408,0.251531770080328
1115,4,0.1635141372680664,0.2504410807788372
1116,4,0.24318303167819977,0.25176212325692177
1117,4,0.2238766849040985,0.25024152591824533
1118,4,0.22011145949363708,0.2499939249455929
1119,4,0.24787938594818115,0.25000159546732903
1120,4,0.3317553400993347,0.2461499600112438
1121,4,0.38656651973724365,0.2499368079006672
1122,4,0.6269057989120483,0.2555345244705677
1123,4,0.10954354703426361,0.254529434889555
1124,4,0.2447257786989212,0.25197951272130015
1125,4,0.19004569947719574,0.25010101184248923
1126,4,0.21577613055706024,0.24777227774262428
1127,4,0.25384521484375,0.2510890211164951
1128,4,0.36081868410110474,0.2542996956408024
1129,4,0.31828513741493225,0.25512365892529487
1130,4,0.2609143853187561,0.2546270932257175
1131,4,0.1967000663280487,0.254411146491766
1132,4,0.21957004070281982,0.2573730066418648
1133,4,0.23325087130069733,0.25699359357357027
1134,4,0.13816452026367188,0.25295923769474027
1135,4,0.28624340891838074,0.2547235900163651
1136,4,0.44105732440948486,0.261553415954113
1137,4,0.08503665775060654,0.2585050116479397
1138,4,0.2834430932998657,0.2611174885928631
1139,4,0.24296048283576965,0.26389856830239294
1140,4,0.1435183584690094,0.2621357364952564
1141,4,0.15470963716506958,0.2639767801761627
1142,4,0.4965918958187103,0.2690435168147087
1143,4,0.2506965100765228,0.2691332721710205
1144,4,0.16959087550640106,0.26893331229686734
1145,4,0.8413100242614746,0.2792006641626358
1146,4,0.24149751663208008,0.27878746211528777
1147,4,0.23418913781642914,0.26795713931322096
1148,4,0.18041810393333435,0.26269570976495743
1149,4,0.26594772934913635,0.26485665947198866
1150,4,0.21807175874710083,0.26602487176656725
1151,4,0.19080063700675964,0.26637793719768527
1152,4,0.15748032927513123,0.265547679066658
1153,4,0.25116169452667236,0.26782835245132447
1154,4,0.3289332389831543,0.2633845043182373
1155,4,0.1032455638051033,0.2643532457947731
1156,4,0.20953503251075745,0.26333446472883226
1157,4,0.23897142708301544,0.26221890330314634
1158,4,0.2165852189064026,0.26378646671772005
1159,4,0.1980416625738144,0.26341183245182037
1160,4,0.1092890128493309,0.26068755134940147
1161,4,0.14401352405548096,0.2578842054307461
1162,4,0.15903782844543457,0.2547940669953823
1163,4,0.13298910856246948,0.2508958350121975
1164,4,0.08478175103664398,0.24491161957383156
1165,4,0.19641023874282837,0.2455695416033268
1166,4,0.20188508927822113,0.24474358275532723
1167,4,0.1891956925392151,0.24404996290802955
1168,4,0.5226324200630188,0.2501003821194172
1169,4,0.23134413361549377,0.24976967707276343
1170,4,0.14638082683086395,0.24606218680739403
1171,4,0.17966821789741516,0.24192422077059747
1172,4,0.24610234797000885,0.23430815175175668
1173,4,0.1993882954120636,0.23610504671931268
1174,4,0.2051631510257721,0.2353137941658497
1175,4,0.1817425638437271,0.23514773145318033
1176,4,0.22760124504566193,0.23538423374295234
1177,4,0.1617799550294876,0.2335429285466671
1178,4,0.24705924093723297,0.23126773968338965
1179,4,0.36953234672546387,0.2322926838696003
1180,4,0.1592092216014862,0.2302585805952549
1181,4,0.1663920134305954,0.22965241953730584
1182,4,0.5386456251144409,0.23603393122553826
1183,4,0.14919616281986237,0.23435283705592155
1184,4,0.22015374898910522,0.23599262163043022
1185,4,0.16030196845531464,0.2334737928211689
1186,4,0.26579171419143677,0.22996848061680794
1187,4,0.28233394026756287,0.23391442626714706
1188,4,0.31941187381744385,0.23463380187749863
1189,4,0.24854886531829834,0.2347455695271492
1190,4,0.20267118513584137,0.23592862606048584
1191,4,0.2719886302947998,0.23827420592308043
1192,4,0.2724960446357727,0.2337922888994217
1193,4,0.3067719042301178,0.23491379678249358
1194,4,0.18757343292236328,0.23527344793081284
1195,4,0.3270263075828552,0.22498777359724045
1196,4,0.3454119563102722,0.2270660623908043
1197,4,0.26670312881469727,0.22771634221076964
1198,4,0.4147440791130066,0.23240286171436308
1199,4,0.2443670630455017,0.23197124838829042
1200,4,0.15332482755184174,0.23067630976438522
1201,4,0.21561536192893982,0.23117260426282882
1202,4,0.19593128561973572,0.2319416233897209
1203,4,0.2259940207004547,0.23143826991319658
1204,4,0.37609612941741943,0.23238152772188186
1205,4,0.23517051339149475,0.2350200267136097
1206,4,0.22531796991825104,0.23533568546175956
1207,4,0.16644398868083954,0.23388513669371605
1208,4,0.1866154968738556,0.23328574225306511
1209,4,0.19236305356025696,0.23317217007279395
1210,4,0.27034661173820496,0.23639332205057145
1211,4,0.31060802936553955,0.23972521215677262
1212,4,0.09950192272663116,0.23853449404239654
1213,4,0.09900081157684326,0.23785472810268402
1214,4,0.38980746269226074,0.24395524233579635
1215,4,0.34630087018013,0.2469530549645424
1216,4,0.17426642775535583,0.24640068173408508
1217,4,0.23139113187789917,0.24724459052085876
1218,4,0.12666738033294678,0.23932528972625733
1219,4,0.15498840808868408,0.23779817521572114
1220,4,0.3665458559989929,0.24220147579908372
1221,4,0.37681934237480164,0.24614449828863144
1222,4,0.43192940950393677,0.24986103951931
1223,4,0.1918729692697525,0.24971073299646376
1224,4,0.21319353580474854,0.2498713406920433
1225,4,0.2692485451698303,0.25162146031856536
1226,4,0.18363559246063232,0.2507421472668648
1227,4,0.4853242039680481,0.25721303224563596
1228,4,0.1783878207206726,0.2558396038413048
1229,4,0.23167309165000916,0.2530824187397957
1230,4,0.1888086348772049,0.2536744070053101
1231,4,0.3327663540840149,0.25700189381837846
1232,4,0.32438772916793823,0.2527167358994484
1233,4,0.3818424940109253,0.25736966252326965
1234,4,0.2439213991165161,0.25784501552581784
1235,4,0.24601806700229645,0.2595593374967575
1236,4,0.20051062107086182,0.258253715634346
1237,4,0.23133394122123718,0.2572337156534195
1238,4,0.119102843105793,0.2532275350391865
1239,4,0.1995091736316681,0.2522467412054539
1240,4,0.20041754841804504,0.25220166847109793
1241,4,0.2511279582977295,0.25178445503115654
1242,4,0.4817216098308563,0.2559689663350582
1243,4,0.2959873676300049,0.25575327560305594
1244,4,0.3311455547809601,0.2586247180402279
1245,4,0.2929961681365967,0.25794411525130273
1246,4,0.334257036447525,0.2577210168540478
1247,4,0.2713310718536377,0.2578135757148266
1248,4,0.2403281331062317,0.2543252567946911
1249,4,0.20845629274845123,0.25360704138875007
1250,4,0.1967552751302719,0.25447565034031866
1251,4,0.17418327927589417,0.25364700868725776
1252,4,0.2605348825454712,0.2549390806257725
1253,4,0.1925865113735199,0.25427093043923377
1254,4,0.40937376022338867,0.25493648305535316
1255,4,0.19241830706596375,0.25408143892884255
1256,4,0.1578507125377655,0.25273209378123285
1257,4,0.2341243475675583,0.2540857009589672
1258,4,0.2929808497428894,0.2562130080163479
1259,4,0.49837037920951843,0.2623331545293331
1260,4,0.3367384672164917,0.26366099163889883
1261,4,0.27396246790885925,0.26292808040976523
1262,4,0.23368194699287415,0.26561168089509013
1263,4,0.4248270094394684,0.2721282048523426
1264,4,0.12526623904705048,0.2668373803794384
1265,4,0.22012922167778015,0.2643139474093914
1266,4,0.3742493987083435,0.2683136068284512
1267,4,0.08889711648225784,0.26546372652053835
1268,4,0.13919302821159363,0.2657142394781113
1269,4,0.29325705766677856,0.26847961246967317
1270,4,0.17040839791297913,0.26455686330795286
1271,4,0.27711331844329834,0.2625627428293228
1272,4,0.3414493203163147,0.26075314104557035
1273,4,0.16872957348823547,0.26029027312994
1274,4,0.26276838779449463,0.261281770169735
1275,4,0.3892405331134796,0.26368160992860795
1276,4,0.13803957402706146,0.2627696895599365
1277,4,0.3241533041000366,0.2595462715625763
1278,4,0.17273208498954773,0.2594331568479538
1279,4,0.33756494522094727,0.26155099391937253
1280,4,0.2407902181148529,0.2625906255841255
1281,5,0.12352616339921951,0.2584058217704296
1282,5,0.06135077029466629,0.2531450825929642
1283,5,0.28068649768829346,0.25112196266651154
1284,5,0.23956000804901123,0.2510347348451614
1285,5,0.044901806861162186,0.24701240964233875
1286,5,0.13054370880126953,0.2456130713969469
1287,5,0.09804917126893997,0.24294737599790095
1288,5,0.10364274680614471,0.242638174071908
1289,5,0.23329398036003113,0.24331387020647527
1290,5,0.05673399567604065,0.24044019915163517
1291,5,0.2516971826553345,0.24045158363878727
1292,5,0.17747294902801514,0.23436661042273044
1293,5,0.2795225977897644,0.23403731502592565
1294,5,0.18272393941879272,0.23106888271868228
1295,5,0.16098202764987946,0.22842859990894795
1296,5,0.34018075466156006,0.22854707427322865
1297,5,0.1641707718372345,0.22640386827290057
1298,5,0.19696234166622162,0.22553655244410037
1299,5,0.1702074259519577,0.2247715751081705
1300,5,0.18668292462825775,0.22457012809813023
1301,5,0.15448756515979767,0.2241762138158083
1302,5,0.2423744797706604,0.22381300576031207
1303,5,0.1577313244342804,0.22311590202152728
1304,5,0.09293343126773834,0.21678709544241428
1305,5,0.18054865300655365,0.2165497023612261
1306,5,0.20755286514759064,0.21754374541342258
1307,5,0.0799855962395668,0.21446097038686276
1308,5,0.15782314538955688,0.2117578162997961
1309,5,0.12078501284122467,0.20420610897243022
1310,5,0.22115075588226318,0.20189435474574566
1311,5,0.19208282232284546,0.20025676183402538
1312,5,0.13028556108474731,0.19818883411586286
1313,5,0.11284748464822769,0.19194924362003804
1314,5,0.21791714429855347,0.1938022617250681
1315,5,0.3751271367073059,0.1969022200256586
1316,5,0.056107670068740845,0.19053938545286656
1317,5,0.14182592928409576,0.1915979617089033
1318,5,0.1800573766231537,0.19241524867713453
1319,5,0.17693212628364563,0.19008875004947184
1320,5,0.10545603185892105,0.18878970272839068
1321,5,0.1599908173084259,0.18644725270569323
1322,5,0.17997781932353973,0.18321782268583775
1323,5,0.07135717570781708,0.1812703747302294
1324,5,0.3126170039176941,0.18226734705269337
1325,5,0.03675689920783043,0.17521767437458038
1326,5,0.11336053162813187,0.1747240935266018
1327,5,0.24933981895446777,0.17322782382369042
1328,5,0.2458125799894333,0.17468943372368811
1329,5,0.11138056963682175,0.17016574621200561
1330,5,0.1587701439857483,0.16852534472942352
1331,5,0.28398823738098145,0.17173458620905876
1332,5,0.12595562636852264,0.1730266833305359
1333,5,0.17518547177314758,0.17091666281223297
1334,5,0.3185933828353882,0.17249733030796052
1335,5,0.1661163568496704,0.17492162130773067
1336,5,0.17005424201488495,0.175711831972003
1337,5,0.16149958968162537,0.17698084034025668
1338,5,0.29418694972991943,0.18079172439873217
1339,5,0.4486355781555176,0.18509855635464192
1340,5,0.3134351968765259,0.19023258037865162
1341,5,0.13712185621261597,0.18794107384979725
1342,5,0.33470168709754944,0.19108564861118793
1343,5,0.15143615007400513,0.18852391965687276
1344,5,0.24751809239387512,0.1898198027163744
1345,5,0.23036250472068787,0.19120741225779056
1346,5,0.19114479422569275,0.18822669304907322
1347,5,0.1277601569890976,0.18749848075211048
1348,5,0.18152916431427002,0.18718981720507144
1349,5,0.2719569206237793,0.1892248070985079
1350,5,0.27384689450263977,0.19096808649599553
1351,5,0.08643734455108643,0.1896070820838213
1352,5,0.16886791586875916,0.18813695080578327
1353,5,0.09437333792448044,0.18686979107558727
1354,5,0.20870310068130493,0.1891851844638586
1355,5,0.4771343469619751,0.19511689834296703
1356,5,0.2577168941497803,0.1961201789230108
1357,5,0.24945023655891418,0.19950947172939779
1358,5,0.11745091527700424,0.1987020271271467
1359,5,0.06961731612682343,0.1976786731928587
1360,5,0.2015324831008911,0.19728630773723124
1361,5,0.3989415168762207,0.20142348162829876
1362,5,0.1304769665002823,0.20142730973660947
1363,5,0.11723203212022781,0.20151500068604947
1364,5,0.08585882186889648,0.19887383423745633
1365,5,0.11580685526132584,0.19368742860853672
1366,5,0.16402845084667206,0.19584584422409534
1367,5,0.12552934885025024,0.19551991261541843
1368,5,0.15444359183311462,0.19500763691961764
1369,5,0.11462977528572083,0.19376158989965916
1370,5,0.06944505125284195,0.19304137028753757
1371,5,0.2132430374622345,0.19410641469061374
1372,5,0.1587119847536087,0.19368109799921512
1373,5,0.2821481227874756,0.1978969169408083
1374,5,0.0727214366197586,0.19309900559484958
1375,5,0.15239283442497253,0.19541172429919243
1376,5,0.2796604335308075,0.19873772233724593
1377,5,0.16465041041374207,0.19704393416643143
1378,5,0.1678699254989624,0.19548508107662202
1379,5,0.11700998246669769,0.19559766933321954
1380,5,0.16345074772834778,0.19569128140807152
1381,5,0.18484418094158173,0.19370840027928352
1382,5,0.09825146198272705,0.1931543169915676
1383,5,0.1946599781513214,0.19354380711913108
1384,5,0.2662661373615265,0.19249726220965385
1385,5,0.162634015083313,0.1924276153743267
1386,5,0.11314788460731506,0.1912894882261753
1387,5,0.19493311643600464,0.1919581587612629
1388,5,0.13013701140880585,0.1886771599948406
1389,5,0.17562295496463776,0.18321690753102302
1390,5,0.13474498689174652,0.17964310333132744
1391,5,0.1170303001999855,0.17924127221107483
1392,5,0.11231131851673126,0.17479346483945846
1393,5,0.10756083577871323,0.17391595855355263
1394,5,0.05870513245463371,0.1701396993547678
1395,5,0.1766061782836914,0.16906457282602788
1396,5,0.1902623474597931,0.16904692389070988
1397,5,0.04385795816779137,0.16736887991428376
1398,5,0.12660740315914154,0.16627044469118119
1399,5,0.13229429721832275,0.16347719222307205
1400,5,0.29613298177719116,0.16392291396856307
1401,5,0.14137409627437592,0.16502164900302888
1402,5,0.18882066011428833,0.16542070388793945
1403,5,0.07377687841653824,0.1650087746977806
1404,5,0.24071943759918213,0.16564910143613815
1405,5,0.12062577158212662,0.1585189299285412
1406,5,0.09521656483411789,0.15526892334222794
1407,5,0.06927836686372757,0.1516654859483242
1408,5,0.08772625029087067,0.15107099264860152
1409,5,0.17205581068992615,0.1531197625398636
1410,5,0.1331688016653061,0.1517524889111519
1411,5,0.24865996837615967,0.14874685794115067
1412,5,0.20772868394851685,0.15029189229011536
1413,5,0.0440790168941021,0.14882883198559285
1414,5,0.11257382482290268,0.14936313204467297
1415,5,0.1249062716960907,0.14954512037336826
1416,5,0.2086516171693802,0.15043758369982244
1417,5,0.09744147956371307,0.1498758263140917
1418,5,0.13771337270736694,0.14954122193157673
1419,5,0.15276773273944855,0.1503039810806513
1420,5,0.18300355970859528,0.15257515124976634
1421,5,0.19592800736427307,0.1522288506478071
1422,5,0.15729618072509766,0.1522005345672369
1423,5,0.12024033069610596,0.14896237872540952
1424,5,0.07160432636737823,0.1489400365203619
1425,5,0.09573787450790405,0.14780693732202052
1426,5,0.15475362539291382,0.14530880115926265
1427,5,0.10670503973960876,0.14414989374578
1428,5,0.3943094313144684,0.1486786838620901
1429,5,0.169382706284523,0.1497261383384466
1430,5,0.210072323679924,0.15065856985747814
1431,5,0.18852010369300842,0.15073208831250667
1432,5,0.29635491967201233,0.1546941574662924
1433,5,0.08955401927232742,0.1525920382887125
1434,5,0.22392088174819946,0.15174513317644597
1435,5,0.1853404939174652,0.152199262753129
1436,5,0.11488267779350281,0.15223395861685277
1437,5,0.10681024193763733,0.15047150112688543
1438,5,0.14341320097446442,0.1507370249181986
1439,5,0.19941505789756775,0.15121286697685718
1440,5,0.1823541522026062,0.15216505028307437
1441,5,0.12369906902313232,0.15229842565953733
1442,5,0.16619667410850525,0.1533761327713728
1443,5,0.15385982394218445,0.1543021125346422
1444,5,0.09269069135189056,0.15498182371258737
1445,5,0.17663472890853882,0.1549823947250843
1446,5,0.07962462306022644,0.15276964023709297
1447,5,0.15795207023620605,0.15505152247846127
1448,5,0.1599254310131073,0.15571788303554057
1449,5,0.18043138086795807,0.15668062470853328
1450,5,0.18668150901794434,0.15449159525334835
1451,5,0.10323042422533035,0.15372872181236744
1452,5,0.21581777930259705,0.1542686641961336
1453,5,0.19720762968063354,0.15673727922141553
1454,5,0.2603890597820282,0.15713067166507244
1455,5,0.22401924431324005,0.1591985411196947
1456,5,0.11712639778852463,0.15963673777878284
1457,5,0.09869956970214844,0.16022516183555127
1458,5,0.18341434001922607,0.16213892363011836
1459,5,0.2841411530971527,0.1643806304782629
1460,5,0.060223594307899475,0.16292172633111476
1461,5,0.1412288248538971,0.16077310346066953
1462,5,0.1675528883934021,0.15996958754956722
1463,5,0.18734702467918396,0.16283494770526885
1464,5,0.20017041265964508,0.1645868794620037
1465,5,0.11704366654157639,0.16442962735891342
1466,5,0.20727697014808655,0.16440213441848756
1467,5,0.1854289174079895,0.1661618831753731
1468,5,0.13036185503005981,0.16601485282182693
1469,5,0.1598592847585678,0.16615668386220933
1470,5,0.05788891017436981,0.1636543908715248
1471,5,0.13573655486106873,0.16245056182146073
1472,5,0.18555963039398193,0.16301583081483842
1473,5,0.07937895506620407,0.16219860330224037
1474,5,0.098568394780159,0.162737884670496
1475,5,0.2499392032623291,0.16582191124558449
1476,5,0.2761259377002716,0.16824935749173164
1477,5,0.17171210050582886,0.16954949870705605
1478,5,0.0938681811094284,0.16354067370295525
1479,5,0.16364586353302002,0.1634259368479252
1480,5,0.1838620901107788,0.16290173217654227
1481,5,0.18689310550689697,0.16286919221282006
1482,5,0.2373214215040207,0.16168852224946023
1483,5,0.1912635862827301,0.16372271358966828
1484,5,0.17338281869888306,0.16271195232868194
1485,5,0.11380862444639206,0.16128131493926048
1486,5,0.12377025187015533,0.16145906642079352
1487,5,0.16031253337860107,0.1625291122496128
1488,5,0.05875363200902939,0.1608359208703041
1489,5,0.21265065670013428,0.16110063284635545
1490,5,0.19553129374980927,0.1613641756772995
1491,5,0.10536987334489822,0.16099759176373482
1492,5,0.04147239029407501,0.15850310608744622
1493,5,0.18723762035369873,0.1591706620156765
1494,5,0.19068628549575806,0.16113057389855384
1495,5,0.09464094787836075,0.1594906982779503
1496,5,0.06569679081439972,0.15921214163303377
1497,5,0.16276869177818298,0.1593084740638733
1498,5,0.12190689146518707,0.15854810327291488
1499,5,0.09791598469018936,0.15689779534935952
1500,5,0.11589517444372177,0.15548206865787506
1501,5,0.1138150617480278,0.15569376140832902
1502,5,0.1235845685005188,0.15384909719228745
1503,5,0.1217690110206604,0.152340324819088
1504,5,0.32728755474090576,0.15367829471826552
1505,5,0.15694066882133484,0.15233672320842742
1506,5,0.1434417963027954,0.15286303117871283
1507,5,0.18660104274749756,0.15462106063961983
1508,5,0.2714395523071289,0.15638156488537788
1509,5,0.2121618241071701,0.15494197830557824
1510,5,0.19588056206703186,0.15765511766076087
1511,5,0.01540694572031498,0.15513868007808923
1512,5,0.10095535218715668,0.15380672935396433
1513,5,0.16375884413719177,0.1533349657431245
1514,5,0.11646600812673569,0.1516608776524663
1515,5,0.19031773507595062,0.15312635902315377
1516,5,0.10620979964733124,0.1511050156131387
1517,5,0.08167485892772675,0.1490299344435334
1518,5,0.18899837136268616,0.15020266477018596
1519,5,0.15793469548225403,0.15016417298465967
1520,5,0.19871476292610168,0.1529806900396943
1521,5,0.20438595116138458,0.15435367796570063
1522,5,0.16663137078285217,0.15397511277347803
1523,5,0.19489732384681702,0.1562854801490903
1524,5,0.09258279204368591,0.15616576809436084
1525,5,0.19273453950881958,0.15502167481929063
1526,5,0.2077471911907196,0.1536540998890996
1527,5,0.2583291828632355,0.15538644153624773
1528,5,0.17877569794654846,0.15708459187299012
1529,5,0.13576041162014008,0.15652688283473254
1530,5,0.1498960703611374,0.1558475624397397
1531,5,0.35833102464675903,0.15927632082253695
1532,5,0.1716819405555725,0.157963531203568
1533,5,0.0627506822347641,0.15539327312260867
1534,5,0.06532636284828186,0.15323214400559665
1535,5,0.1069934070110321,0.15309583965688944
1536,5,0.24712908267974854,0.1555630162730813
1537,5,0.29747456312179565,0.1583062568679452
1538,5,0.17779600620269775,0.16068710435181857
1539,5,0.1448632776737213,0.1593313567712903
1540,5,0.1904173493385315,0.15922907788306476
1541,5,0.12415921688079834,0.15960486475378274
1542,5,0.25236791372299194,0.16382277522236108
1543,5,0.1760769486427307,0.16359956178814172
1544,5,0.13911567628383636,0.16256814960390328
1545,5,0.1101757138967514,0.1628788449242711
1546,5,0.19913305342197418,0.1655475701764226
1547,5,0.13890831172466278,0.16507036257535218
1548,5,0.08910706639289856,0.16441436607390642
1549,5,0.1969653069972992,0.1663953525200486
1550,5,0.17775969207286835,0.16763264287263155
1551,5,0.177897647023201,0.168914294578135
1552,5,0.1520141363143921,0.1694828859344125
1553,5,0.16078010201454163,0.1702631077542901
1554,5,0.15746325254440308,0.16686662171036004
1555,5,0.1780354529619217,0.1672885173931718
1556,5,0.3798665404319763,0.17201701227575542
1557,5,0.15628361701965332,0.1714106637611985
1558,5,0.12833653390407562,0.16854860339313746
1559,5,0.17921096086502075,0.16788958612829447
1560,5,0.19397187232971191,0.16785141233354806
1561,5,0.2020125687122345,0.17158352479338645
1562,5,0.07160070538520813,0.17099643185734748
1563,5,0.09177805483341217,0.1695568160712719
1564,5,0.21672286093235016,0.17156195312738418
1565,5,0.12855711579322815,0.17032674074172974
1566,5,0.13155318796634674,0.17083360850811005
1567,5,0.2217431217432022,0.17363497376441955
1568,5,0.17713698744773865,0.1733977460861206
1569,5,0.11288823187351227,0.17249681681394577
1570,5,0.2099657654762268,0.17272183686494827
1571,5,0.3905288577079773,0.1764446949958801
1572,5,0.2300550639629364,0.17771316885948182
1573,5,0.15157127380371094,0.1768466478586197
1574,5,0.06287167966365814,0.17625242561101914
1575,5,0.16982823610305786,0.1757942995429039
1576,5,0.09628712385892868,0.17356509819626809
1577,5,0.37589386105537415,0.17591639176011087
1578,5,0.2610211968421936,0.17756130173802376
1579,5,0.3406561613082886,0.18165921673178673
1580,5,0.10382816195487976,0.18073785856366156
1581,5,0.09046504646539688,0.17538053900003434
1582,5,0.2351911962032318,0.17665072411298752
1583,5,0.14335928857326508,0.17826289623975755
1584,5,0.09915455430746078,0.17893946006894113
1585,5,0.17269989848136902,0.18025358989834786
1586,5,0.12127316743135452,0.17773647159337996
1587,5,0.14683270454406738,0.1747236344218254
1588,5,0.11193636059761047,0.17340644150972367
1589,5,0.09891743957996368,0.1724875247478485
1590,5,0.14957371354103088,0.1716706520318985
1591,5,0.13692595064640045,0.17192598670721054
1592,5,0.1211075484752655,0.16930077940225602
1593,5,0.21454861760139465,0.17007021278142928
1594,5,0.08377350121736526,0.16896336928009986
1595,5,0.08448536694049835,0.1684495623409748
1596,5,0.11010494083166122,0.16666900008916855
1597,5,0.07408348470926285,0.16537250354886054
1598,5,0.15993529558181763,0.16678906813263894
1599,5,0.14858247339725494,0.16582141146063806
1600,5,0.19271932542324066,0.16612060412764548
