global_step,epoch,train_loss,cumulative_elapsed_seconds
1,1,1.2948079109191895,4.517234563827515
2,1,1.7933290004730225,5.995647192001343
3,1,0.8713798522949219,8.149519920349121
4,1,0.9276250600814819,10.809179782867432
5,1,1.0127195119857788,12.623872756958008
6,1,1.4534845352172852,14.833956718444824
7,1,1.1768770217895508,16.898861169815063
8,1,0.9457842707633972,19.56014633178711
9,1,0.5300456881523132,21.082782983779907
10,1,0.7254621386528015,47.80507206916809
11,1,0.6303678750991821,49.42834758758545
12,1,0.7863032817840576,51.42977237701416
13,1,0.5104814767837524,53.59517860412598
14,1,0.8501375317573547,55.04907298088074
15,1,0.9194139242172241,58.10764193534851
16,1,0.8764638900756836,59.555030822753906
17,1,1.1784348487854004,74.3664710521698
18,1,0.8289164304733276,75.7472996711731
19,1,0.7907962799072266,79.31852221488953
20,1,0.8255114555358887,80.90919423103333
21,1,0.5911840200424194,83.0514783859253
22,1,0.8471798896789551,84.84080982208252
23,1,0.5753132104873657,87.16873788833618
24,1,0.8257859349250793,88.9469268321991
25,1,1.1737122535705566,90.92644190788269
26,1,0.9794789552688599,93.75970196723938
27,1,0.7838758826255798,96.49093651771545
28,1,0.8041605949401855,97.80639266967773
29,1,0.9387417435646057,99.4788088798523
30,1,0.6548997163772583,130.99438214302063
31,1,1.4965627193450928,141.21668028831482
32,1,0.7325339317321777,143.37462520599365
33,1,0.8042698502540588,144.63026595115662
34,1,1.2365508079528809,146.0730700492859
35,1,0.6955393552780151,148.75634455680847
36,1,0.5768755674362183,150.41668224334717
37,1,1.3585426807403564,175.57100701332092
38,1,0.5251337289810181,178.44536924362183
39,1,0.8521016240119934,181.98002076148987
40,1,0.6248795986175537,185.82792043685913
41,1,1.1336874961853027,187.77476930618286
42,1,0.4930988550186157,189.77844047546387
43,1,0.8480254411697388,191.50735187530518
44,1,0.4410105347633362,193.81906604766846
45,1,0.7644367218017578,195.91771388053894
46,1,0.7804996967315674,197.59213638305664
47,1,0.6812049150466919,199.37387800216675
48,1,0.7790878415107727,200.9001932144165
49,1,1.0218733549118042,203.29066634178162
50,1,1.0851268768310547,204.6761634349823
51,1,0.5251035690307617,206.6103720664978
52,1,0.5454749464988708,213.18124198913574
53,1,0.9427095651626587,214.88537859916687
54,1,0.6516895890235901,216.89605569839478
55,1,0.9545520544052124,219.30948615074158
56,1,0.8557946085929871,220.60452485084534
57,1,1.087109088897705,222.55222249031067
58,1,0.9251267313957214,225.9097936153412
59,1,0.8137762546539307,227.368310213089
60,1,0.5317347049713135,228.59932041168213
61,1,0.7278238534927368,230.0712025165558
62,1,0.4079344868659973,231.8853976726532
63,1,0.5177016258239746,234.01497650146484
64,1,0.3789079487323761,235.4198122024536
65,1,0.6636061072349548,236.6985058784485
66,1,0.9169172048568726,239.71889996528625
67,1,0.6327251195907593,242.7484359741211
68,1,0.6654408574104309,249.22257089614868
69,1,0.7499349117279053,250.68112683296204
70,1,0.8403997421264648,254.3074381351471
71,1,0.7294853925704956,256.7860391139984
72,1,0.9155411124229431,258.4898085594177
73,1,0.7399619817733765,260.4911377429962
74,1,0.809308648109436,261.966858625412
75,1,1.1408576965332031,264.38973093032837
76,1,0.6019439697265625,265.7802748680115
77,1,1.0975487232208252,267.5891673564911
78,1,0.41902101039886475,270.43364548683167
79,1,0.8756318688392639,272.856027841568
80,1,0.9680661559104919,274.9445674419403
81,1,0.79524827003479,279.6936864852905
82,1,0.8046985268592834,281.29140424728394
83,1,0.5951523780822754,284.04653811454773
84,1,0.44980454444885254,286.43176794052124
85,1,0.33034053444862366,288.76613450050354
86,1,0.7476798295974731,296.4723038673401
87,1,0.693500280380249,302.738792181015
88,1,0.35592037439346313,304.958158493042
89,1,0.6350597143173218,307.5245499610901
90,1,0.5079072117805481,308.8457429409027
91,1,0.630061149597168,310.49825263023376
92,1,1.0273064374923706,313.4824764728546
93,1,0.5925247669219971,314.96130180358887
94,1,0.5576346516609192,317.1802306175232
95,1,0.9201326370239258,318.990113735199
96,1,0.8143864870071411,321.2042648792267
97,1,0.752528190612793,323.5071475505829
98,1,0.5239371061325073,326.1042969226837
99,1,0.5610939264297485,327.8148138523102
100,1,0.680750846862793,331.4291367530823
101,1,0.5809584856033325,333.24281072616577
102,1,1.0435326099395752,336.2732238769531
103,1,0.46910834312438965,337.7312889099121
104,1,0.5235305428504944,339.70974135398865
105,1,0.5422425270080566,341.7788619995117
106,1,0.7875760793685913,343.2778494358063
107,1,0.39565610885620117,345.6624963283539
108,1,0.7365975379943848,347.0518479347229
109,1,0.6198533773422241,348.75914692878723
110,1,0.4942578077316284,350.463849067688
111,1,0.9141820669174194,354.03626561164856
112,1,0.5879002809524536,355.6901845932007
113,1,0.805698812007904,361.52023100852966
114,1,0.812466025352478,363.99947237968445
115,1,0.6266790628433228,365.65174317359924
116,1,0.5191280841827393,367.581152677536
117,1,0.7171792984008789,369.3653597831726
118,1,0.6741012334823608,371.6768789291382
119,1,0.6442250609397888,374.99456453323364
120,1,0.7143667936325073,376.9288544654846
121,1,0.2963629961013794,379.0214068889618
122,1,0.5876697897911072,381.41927123069763
123,1,0.3058210015296936,383.629230260849
124,1,0.6146339178085327,385.1029658317566
125,1,0.6039178371429443,387.7623462677002
126,1,0.5839887261390686,389.16545510292053
127,1,0.6483631730079651,404.9568364620209
128,1,0.48733285069465637,407.53378105163574
129,1,0.3952884078025818,409.53963255882263
130,1,0.46813756227493286,410.92377161979675
131,1,0.7450199723243713,415.63435196876526
132,1,1.0239861011505127,417.0570123195648
133,1,0.6555359363555908,418.8604784011841
134,1,0.7091660499572754,426.2592098712921
135,1,0.6583828926086426,428.97692036628723
136,1,0.4686885476112366,430.5756504535675
137,1,0.5664163827896118,432.5307424068451
138,1,0.9747223854064941,438.7541432380676
139,1,0.46571189165115356,440.54410099983215
140,1,0.3565334975719452,451.9260325431824
141,1,0.8388965129852295,454.2295949459076
142,1,0.2978869676589966,455.4841616153717
143,1,0.5661900639533997,484.5375096797943
144,1,0.3174513578414917,485.8513996601105
145,1,0.5008668303489685,487.3237247467041
146,1,0.2563663423061371,488.91674971580505
147,1,0.6155948638916016,490.4507095813751
148,1,0.629629373550415,492.7859597206116
149,1,0.5584062933921814,494.5677182674408
150,1,0.939788818359375,496.6662266254425
151,1,0.6506316661834717,498.4800639152527
152,1,0.8604962229728699,500.0008759498596
153,1,1.2057268619537354,502.38457226753235
154,1,0.4807392954826355,503.97427344322205
155,1,0.43413132429122925,505.50010347366333
156,1,0.3244003653526306,507.4250900745392
157,1,0.4870947599411011,539.3074133396149
158,1,0.6006487607955933,543.0346367359161
159,1,0.518808126449585,546.1401093006134
160,1,0.5521031618118286,547.5490851402283
161,1,0.9212579727172852,549.8732957839966
162,1,0.6705259084701538,552.1032993793488
163,1,0.6487445831298828,554.0851109027863
164,1,0.2592058777809143,555.4951493740082
165,1,0.8164052963256836,557.2294991016388
166,1,0.7249305844306946,558.8453080654144
167,1,0.3677927255630493,570.0264890193939
168,1,0.9616047143936157,571.5079562664032
169,1,0.45567697286605835,573.717779636383
170,1,1.0096960067749023,576.1313736438751
171,1,0.7396589517593384,577.8872671127319
172,1,0.46025896072387695,580.9349794387817
173,1,0.5511589050292969,582.6655354499817
174,1,0.14692765474319458,587.9879865646362
175,1,0.7743017673492432,591.0876476764679
176,1,0.37589171528816223,592.4835999011993
177,1,0.471854567527771,593.89173579216
178,1,0.48898541927337646,595.7095694541931
179,1,0.555374801158905,599.1026520729065
180,1,0.469135582447052,601.0416901111603
181,1,0.12033972144126892,602.7058463096619
182,1,0.764185905456543,605.003276348114
183,1,0.5665753483772278,606.7297117710114
184,1,0.6249699592590332,608.3510954380035
185,1,1.1217032670974731,610.4139955043793
186,1,0.5713648200035095,617.8285915851593
187,1,0.5076683759689331,620.3140754699707
188,1,0.6349128484725952,623.2792339324951
189,1,0.6638219356536865,625.6074593067169
190,1,0.7341161966323853,633.1524765491486
191,1,0.7433350086212158,637.922828912735
192,1,0.5070585012435913,639.9286298751831
193,1,0.5310124158859253,641.4340550899506
194,1,0.4803946018218994,644.5063462257385
195,1,0.6629784107208252,646.9907078742981
196,1,0.571582555770874,648.3754005432129
197,1,0.786669909954071,651.2298300266266
198,1,0.5080040693283081,653.5609855651855
199,1,0.8010172247886658,656.6260709762573
200,1,0.6702923774719238,658.2483565807343
201,1,0.39023423194885254,661.602778673172
202,1,0.3218614161014557,663.7332842350006
203,1,0.5891222953796387,677.6823287010193
204,1,0.5019605755805969,679.3027400970459
205,1,0.511205792427063,683.1356041431427
206,1,0.7514645457267761,686.8007357120514
207,1,0.5794979929924011,691.3764131069183
208,1,0.3841667175292969,693.5173873901367
209,1,0.7188373804092407,695.4531381130219
210,1,0.5576553344726562,697.9082236289978
211,1,0.5763577222824097,699.4107890129089
212,1,0.6679501533508301,701.0834949016571
213,1,0.6384732127189636,703.150367975235
214,1,0.4908360242843628,704.5985291004181
215,1,0.41267433762550354,707.4376730918884
216,1,0.6903647184371948,710.4727716445923
217,1,0.686262309551239,712.6022334098816
218,1,0.5778766870498657,715.0198740959167
219,1,0.42108094692230225,717.0831694602966
220,1,0.6468827724456787,718.427830696106
221,1,0.5519559979438782,719.8293843269348
222,1,0.74547278881073,721.2391085624695
223,1,0.6459306478500366,722.6490390300751
224,1,0.49110648036003113,724.1232810020447
225,1,0.534652590751648,726.0596935749054
226,1,0.6202829480171204,727.3821971416473
227,1,0.318749338388443,728.7651512622833
228,1,0.4629523754119873,730.1552734375
229,1,0.9717402458190918,733.4907116889954
230,1,0.45868611335754395,734.8795638084412
231,1,0.7228652238845825,736.4972541332245
232,1,1.0709753036499023,738.9262993335724
233,1,0.4339050352573395,741.621746301651
234,1,0.7168256044387817,742.5542328357697
235,1,0.6217787265777588,745.579995393753
236,1,0.5135480165481567,746.9651823043823
237,1,0.5658358335494995,748.5818123817444
238,1,0.25702399015426636,749.8427703380585
239,1,0.6298837661743164,752.2291731834412
240,1,0.4531320631504059,754.2100698947906
241,1,0.5977679491043091,755.8714275360107
242,1,0.4474412500858307,758.2840881347656
243,1,0.6362149715423584,762.6453227996826
244,1,0.8962534666061401,764.7177555561066
245,1,0.6238607168197632,766.6553654670715
246,1,0.7624192237854004,768.5876834392548
247,1,0.6526015996932983,770.5735461711884
248,1,0.4317849278450012,771.8509137630463
249,1,0.6892191767692566,773.5073833465576
250,1,0.5060831308364868,776.3824858665466
251,1,0.29381465911865234,777.9057495594025
252,1,0.44006505608558655,779.8923075199127
253,1,0.1552967131137848,782.108589887619
254,1,0.5608843564987183,798.450483083725
255,1,0.27632614970207214,800.5420291423798
256,1,0.3578682541847229,801.8198609352112
257,1,0.32866260409355164,803.3229236602783
258,1,0.3558906316757202,805.3078396320343
259,1,0.644802987575531,807.5451908111572
260,1,0.585985541343689,809.3635828495026
261,1,0.8952913880348206,811.4368803501129
262,1,0.46637916564941406,813.2580945491791
263,1,0.6711175441741943,815.5926251411438
264,1,0.4221951365470886,816.9331431388855
265,1,0.29392820596694946,820.9608149528503
266,1,0.4553559720516205,822.4441652297974
267,1,0.26159682869911194,823.8327479362488
268,1,0.6675938367843628,825.8095164299011
269,1,0.46054336428642273,828.3793430328369
270,1,0.367605984210968,829.8851492404938
271,1,0.44146525859832764,833.7168452739716
272,1,0.34686940908432007,835.4470365047455
273,1,0.6762392520904541,863.8426840305328
274,1,0.5379538536071777,865.7964289188385
275,1,0.33775272965431213,868.6607947349548
276,1,0.6368551850318909,870.2553586959839
277,1,0.4388048052787781,872.9095575809479
278,1,0.5068870782852173,875.3679058551788
279,1,0.5561913847923279,876.7807841300964
280,1,1.0096874237060547,878.2534146308899
281,1,0.46034175157546997,880.3259551525116
282,1,0.7991040945053101,883.0519354343414
283,1,0.5223971605300903,884.500167131424
284,1,0.7634554505348206,886.2281403541565
285,1,0.7319626212120056,892.8852553367615
286,1,0.6140624284744263,894.4760196208954
287,1,0.5060974955558777,896.2606012821198
288,1,0.2753015160560608,897.4826049804688
289,1,0.3839516341686249,899.218593120575
290,1,0.7581371068954468,900.8978462219238
291,1,0.8124203681945801,906.5695013999939
292,1,0.5477727055549622,908.6092343330383
293,1,0.5076004266738892,910.422404050827
294,1,0.5110249519348145,912.7600977420807
295,1,0.40082693099975586,917.1202530860901
296,1,0.45436426997184753,919.3362414836884
297,1,0.5980343818664551,933.8541877269745
298,1,0.7838704586029053,936.1852071285248
299,1,0.3239341974258423,938.1665234565735
300,1,0.5832716822624207,941.5988879203796
301,1,0.45117881894111633,944.1818730831146
302,1,0.4232514500617981,946.247950553894
303,1,0.6138038635253906,949.3626728057861
304,1,0.46297287940979004,953.2529029846191
305,1,0.6392472982406616,954.5897860527039
306,1,0.7059146761894226,957.6830534934998
307,1,0.6544498205184937,959.3013534545898
308,1,0.6705400347709656,962.831264257431
309,1,0.8208882808685303,966.5828785896301
310,1,0.7173274755477905,968.0407817363739
311,1,0.71419757604599,970.2488853931427
312,1,0.610466718673706,972.2274823188782
313,1,0.5159434676170349,985.6650929450989
314,1,0.708086371421814,1000.301349401474
315,1,0.5412247776985168,1001.8972148895264
316,1,0.5319817066192627,1003.850147485733
317,1,0.7463947534561157,1005.4676833152771
318,1,0.6162242889404297,1007.6033525466919
319,1,0.9174294471740723,1011.2330346107483
320,1,0.6225218772888184,1015.1618781089783
321,2,0.4379400312900543,1043.4683437347412
322,2,0.45982998609542847,1046.0431594848633
323,2,0.5296213626861572,1048.3690075874329
324,2,0.4207179844379425,1050.6115124225616
325,2,0.5613384246826172,1052.2659320831299
326,2,0.6209873557090759,1053.5248165130615
327,2,0.43925753235816956,1055.7531199455261
328,2,0.5744884610176086,1058.1733016967773
329,2,0.3097556531429291,1061.0406799316406
330,2,0.4102047085762024,1074.4555945396423
331,2,0.41702741384506226,1076.114725112915
332,2,0.4651546776294708,1079.6853656768799
333,2,0.3645963966846466,1081.0261957645416
334,2,0.4664207398891449,1084.6515510082245
335,2,0.5465301275253296,1088.1728706359863
336,2,0.4795437455177307,1090.7392082214355
337,2,0.37483036518096924,1092.3591814041138
338,2,0.28709396719932556,1094.4193031787872
339,2,0.11014381051063538,1096.3432717323303
340,2,0.4333886504173279,1099.0037264823914
341,2,0.5361284613609314,1101.306300163269
342,2,0.4027877449989319,1103.2915713787079
343,2,0.3622071444988251,1105.010588169098
344,2,0.6645418405532837,1115.244882106781
345,2,0.5272631645202637,1117.2045769691467
346,2,0.6227869987487793,1145.6080675125122
347,2,0.5575215816497803,1149.360539674759
348,2,0.28481703996658325,1150.6799006462097
349,2,0.4042466878890991,1152.6624369621277
350,2,0.391893208026886,1155.7155213356018
351,2,0.5998503565788269,1157.6962368488312
352,2,0.3336942791938782,1158.9750027656555
353,2,0.4660632610321045,1162.3364748954773
354,2,0.1411387026309967,1165.655648469925
355,2,0.2324199676513672,1168.042772769928
356,2,0.31389114260673523,1169.4995794296265
357,2,0.35108405351638794,1177.0423419475555
358,2,0.22984200716018677,1178.750791311264
359,2,0.29265278577804565,1180.5348484516144
360,2,0.3032088279724121,1182.6253688335419
361,2,0.48947104811668396,1184.1542603969574
362,2,0.302687406539917,1185.8826580047607
363,2,0.39724603295326233,1187.3650662899017
364,2,0.351116418838501,1189.3008177280426
365,2,0.2553878426551819,1191.6325361728668
366,2,0.16976410150527954,1194.4807727336884
367,2,0.2707415223121643,1196.8690764904022
368,2,0.7068618535995483,1199.532481431961
369,2,0.28608399629592896,1200.986933708191
370,2,0.4307268559932709,1202.9231159687042
371,2,0.3729226589202881,1204.4296622276306
372,2,0.3057527244091034,1205.7072563171387
373,2,0.36531805992126465,1207.3020260334015
374,2,0.371194452047348,1208.7593767642975
375,2,0.2995903193950653,1210.9760482311249
376,2,0.28132668137550354,1212.79816532135
377,2,0.48695576190948486,1214.8007090091705
378,2,0.4010428488254547,1217.1345648765564
379,2,0.36448970437049866,1249.0191283226013
380,2,0.34888195991516113,1251.1650636196136
381,2,0.2815600037574768,1253.1474199295044
382,2,0.6455803513526917,1254.9612729549408
383,2,0.5455312728881836,1259.7045905590057
384,2,0.4538455009460449,1262.0083365440369
385,2,0.7273974418640137,1263.9361407756805
386,2,0.5787480473518372,1265.2102830410004
387,2,0.32602155208587646,1266.9593486785889
388,2,0.4843199849128723,1269.8124191761017
389,2,0.35476797819137573,1277.527634859085
390,2,0.3447853922843933,1280.9614832401276
391,2,0.2400979846715927,1282.9714257717133
392,2,0.39453843235969543,1286.6973812580109
393,2,0.5389329791069031,1288.3811314105988
394,2,0.27938589453697205,1290.8477895259857
395,2,0.3395620882511139,1292.3755214214325
396,2,0.35512083768844604,1294.505581855774
397,2,0.336426317691803,1295.918136358261
398,2,0.21869128942489624,1297.3286612033844
399,2,0.1662577986717224,1299.1395089626312
400,2,0.21106867492198944,1301.471601009369
401,2,0.2824072241783142,1303.45436835289
402,2,0.342584490776062,1305.7718725204468
403,2,0.546492338180542,1308.607084274292
404,2,0.4620979428291321,1310.6970129013062
405,2,0.2725905179977417,1312.4055750370026
406,2,0.3797833323478699,1315.8025016784668
407,2,0.2843247652053833,1321.1326739788055
408,2,0.22643467783927917,1323.0821089744568
409,2,0.5799314975738525,1325.0434427261353
410,2,0.22138729691505432,1326.7792522907257
411,2,0.4273657500743866,1328.9947590827942
412,2,0.25257033109664917,1330.1790747642517
413,2,0.3145386874675751,1333.528873682022
414,2,0.4366365671157837,1339.358803987503
415,2,0.5516697764396667,1364.5207040309906
416,2,0.566825270652771,1367.1894154548645
417,2,0.43460899591445923,1368.8468840122223
418,2,0.2944462299346924,1370.0776422023773
419,2,0.41647863388061523,1371.5527787208557
420,2,0.47429972887039185,1403.0760130882263
421,2,0.3667503595352173,1404.5387992858887
422,2,0.22303420305252075,1405.8609473705292
423,2,0.2072264850139618,1408.1882779598236
424,2,0.5825316905975342,1411.2518901824951
425,2,0.35600346326828003,1413.3167061805725
426,2,0.4415786862373352,1415.2459516525269
427,2,0.4559045433998108,1418.3511888980865
428,2,0.2564047574996948,1419.81005859375
429,2,0.3189607858657837,1421.3094778060913
430,2,0.2363709807395935,1423.0296502113342
431,2,0.3988240361213684,1425.4891681671143
432,2,0.1799478530883789,1426.996418952942
433,2,0.39022180438041687,1428.5970969200134
434,2,0.3517839312553406,1430.0704958438873
435,2,0.3848961293697357,1433.6897583007812
436,2,0.40540844202041626,1435.4189212322235
437,2,0.42550063133239746,1440.1356902122498
438,2,0.2626993954181671,1442.1220185756683
439,2,0.27803388237953186,1444.216127872467
440,2,0.24583514034748077,1445.4442129135132
441,2,0.4062230587005615,1447.8740601539612
442,2,0.40757155418395996,1449.2790970802307
443,2,0.31164225935935974,1452.1540563106537
444,2,0.618974506855011,1454.5715391635895
445,2,0.26972007751464844,1456.5799162387848
446,2,0.47249728441238403,1458.0874321460724
447,2,0.5655587315559387,1460.5028688907623
448,2,0.5582855343818665,1461.953236579895
449,2,0.5771273374557495,1463.3435790538788
450,2,0.4071451723575592,1469.5733332633972
451,2,0.596491277217865,1473.9292538166046
452,2,0.3252679705619812,1475.4670071601868
453,2,0.5220115184783936,1477.4470551013947
454,2,0.30189865827560425,1481.2764647006989
455,2,0.2565605640411377,1482.8988628387451
456,2,0.39239266514778137,1484.6264078617096
457,2,0.209149569272995,1486.129201412201
458,2,0.3975439667701721,1488.1602404117584
459,2,0.4041874408721924,1489.5706672668457
460,2,0.3885502517223358,1491.0531978607178
461,2,0.25015828013420105,1493.7409930229187
462,2,0.4216904044151306,1495.396785736084
463,2,0.41173624992370605,1497.3230786323547
464,2,0.3433411419391632,1498.8552758693695
465,2,0.3712262511253357,1501.3362123966217
466,2,0.6806319952011108,1502.8630397319794
467,2,0.2828247547149658,1505.1005036830902
468,2,0.29681646823883057,1506.379583120346
469,2,0.41865986585617065,1508.945782661438
470,2,0.2289615124464035,1510.285055398941
471,2,0.3449872136116028,1513.1227631568909
472,2,0.19944517314434052,1514.4581384658813
473,2,0.5135761499404907,1517.4960973262787
474,2,0.5414486527442932,1519.7087621688843
475,2,0.37517064809799194,1521.3825466632843
476,2,0.40664011240005493,1523.8004348278046
477,2,0.5637642741203308,1525.188283920288
478,2,0.143403559923172,1526.4528136253357
479,2,0.3578980565071106,1528.5846633911133
480,2,0.4212360382080078,1530.2381505966187
481,2,0.33331558108329773,1532.4915442466736
482,2,0.22981864213943481,1534.281120300293
483,2,0.5212678909301758,1539.0497314929962
484,2,0.47687315940856934,1542.7973275184631
485,2,0.3713807463645935,1544.1893651485443
486,2,0.40095847845077515,1545.972909450531
487,2,0.2603940963745117,1547.3770360946655
488,2,0.41727980971336365,1548.7674803733826
489,2,0.2846434414386749,1550.2662925720215
490,2,0.4938059449195862,1551.6760928630829
491,2,0.35889431834220886,1552.9027314186096
492,2,0.10269046574831009,1554.1349472999573
493,2,0.3748817443847656,1555.9206137657166
494,2,0.3273964822292328,1557.901957988739
495,2,0.5167537927627563,1560.6357855796814
496,2,0.18832910060882568,1561.9526977539062
497,2,0.22727128863334656,1563.7632417678833
498,2,0.460639625787735,1567.3029506206512
499,2,0.3441413640975952,1568.7627465724945
500,2,0.2538665533065796,1571.7951531410217
501,2,0.45765966176986694,1575.1836240291595
502,2,0.40039870142936707,1578.7584075927734
503,2,0.4798135757446289,1580.5695230960846
504,2,0.5325377583503723,1581.97563123703
505,2,0.39685142040252686,1584.1332607269287
506,2,0.4062674641609192,1587.241361618042
507,2,0.44736889004707336,1588.9777672290802
508,2,0.5354784727096558,1591.703637123108
509,2,0.4130321145057678,1595.7272741794586
510,2,0.4480767548084259,1599.6084015369415
511,2,0.5056156516075134,1602.186182975769
512,2,0.38099125027656555,1603.9701285362244
513,2,0.4369764029979706,1606.1788077354431
514,2,0.4443749189376831,1607.652598142624
515,2,0.34222573041915894,1614.3190760612488
516,2,0.27384111285209656,1615.73020529747
517,2,0.17734625935554504,1617.7571530342102
518,2,0.5398849248886108,1621.0861048698425
519,2,0.28926366567611694,1623.1852889060974
520,2,0.5703051686286926,1624.9189956188202
521,2,0.4889289140701294,1626.7058341503143
522,2,0.3120850622653961,1628.3942742347717
523,2,0.4389531910419464,1631.7272355556488
524,2,0.37078940868377686,1633.7893419265747
525,2,0.26566237211227417,1635.1301562786102
526,2,0.22882595658302307,1636.5823838710785
527,2,0.3685043454170227,1637.9664089679718
528,2,0.3148215413093567,1639.916391134262
529,2,0.3593260645866394,1641.8966171741486
530,2,0.41222912073135376,1648.4684829711914
531,2,0.34255772829055786,1650.410103559494
532,2,0.29973486065864563,1653.4336194992065
533,2,0.22775793075561523,1655.1395061016083
534,2,0.26969051361083984,1656.5975954532623
535,2,0.42212051153182983,1659.1958706378937
536,2,0.3656756281852722,1661.267783164978
537,2,0.47427859902381897,1662.7493093013763
538,2,0.5660960674285889,1664.017019033432
539,2,0.3662511706352234,1675.4052844047546
540,2,0.6573739051818848,1678.3903658390045
541,2,0.20579978823661804,1680.0702729225159
542,2,0.27904003858566284,1681.5763018131256
543,2,0.3018271028995514,1697.9107735157013
544,2,0.30534762144088745,1700.9439535140991
545,2,0.5272938013076782,1727.6785306930542
546,2,0.40024250745773315,1729.65717959404
547,2,0.3581352233886719,1731.1331870555878
548,2,0.18199001252651215,1732.5925269126892
549,2,0.24205714464187622,1734.1070528030396
550,2,0.16252529621124268,1735.3297119140625
551,2,0.5048131346702576,1738.2067749500275
552,2,0.248119056224823,1740.4238431453705
553,2,0.23701506853103638,1742.2099986076355
554,2,0.41940924525260925,1743.6667647361755
555,2,0.3780657649040222,1745.9981257915497
556,2,0.40142616629600525,1747.4123396873474
557,2,0.5147317051887512,1751.3398370742798
558,2,0.375572144985199,1753.509756565094
559,2,0.21142372488975525,1754.786464214325
560,2,0.5193836092948914,1762.196762084961
561,2,0.40117913484573364,1763.676849603653
562,2,0.343133807182312,1765.0650625228882
563,2,0.16164442896842957,1767.0248138904572
564,2,0.2814229130744934,1768.6452476978302
565,2,0.34586453437805176,1770.7852296829224
566,2,0.43897148966789246,1773.5427703857422
567,2,0.48401015996932983,1775.6155264377594
568,2,0.2461112141609192,1776.844835281372
569,2,0.4123944044113159,1778.4624547958374
570,2,0.2760106027126312,1779.8665823936462
571,2,0.5022172927856445,1782.2014718055725
572,2,0.40778428316116333,1784.1356842517853
573,2,0.259618878364563,1785.4811472892761
574,2,0.5000572800636292,1800.3054156303406
575,2,0.47847819328308105,1805.9700355529785
576,2,0.47072896361351013,1809.7992188930511
577,2,0.2660106420516968,1814.160313129425
578,2,0.46602797508239746,1815.63312292099
579,2,0.25312283635139465,1817.3421773910522
580,2,0.3224356472492218,1831.280375957489
581,2,0.4350619912147522,1833.6664428710938
582,2,0.5793738961219788,1849.4583020210266
583,2,0.3841595947742462,1851.0591473579407
584,2,0.21648181974887848,1852.469249010086
585,2,0.4082472026348114,1855.529595375061
586,2,0.4614033102989197,1857.6660251617432
587,2,0.3324255347251892,1860.3998982906342
588,2,0.32622992992401123,1861.9292223453522
589,2,0.5823250412940979,1863.8827936649323
590,2,0.4764828085899353,1870.1520881652832
591,2,0.3104953169822693,1873.1817989349365
592,2,0.3555583655834198,1874.903198003769
593,2,0.3819500803947449,1877.621215581894
594,2,0.44119760394096375,1880.0986082553864
595,2,0.37236130237579346,1887.5030281543732
596,2,0.3141898214817047,1889.5084145069122
597,2,0.8096848726272583,1891.1268289089203
598,2,0.2397332787513733,1893.4428126811981
599,2,0.3479267954826355,1897.0715465545654
600,2,0.4307367503643036,1901.6380298137665
601,2,0.22977212071418762,1903.049607515335
602,2,0.42773401737213135,1905.2579202651978
603,2,0.1237424910068512,1906.5308825969696
604,2,0.22145548462867737,1907.8652756214142
605,2,0.1717429906129837,1909.9393668174744
606,2,0.4483727514743805,1911.6459369659424
607,2,0.4095142185688019,1915.5281553268433
608,2,0.5271214842796326,1917.4880528450012
609,2,0.4899236559867859,1946.5909595489502
610,2,0.45628058910369873,1948.2738683223724
611,2,0.4826986789703369,1954.7549765110016
612,2,0.464347779750824,1956.6916453838348
613,2,0.3367626667022705,1958.697890996933
614,2,0.3296935558319092,1961.8014464378357
615,2,0.39016252756118774,1963.4754130840302
616,2,0.32949331402778625,1964.9962105751038
617,2,0.14484766125679016,1976.184169769287
618,2,0.11486177891492844,1977.5716800689697
619,2,0.4465214014053345,1979.4976661205292
620,2,0.3354390859603882,1980.42991065979
621,2,0.5746516585350037,1982.4929013252258
622,2,0.19305408000946045,1983.807463169098
623,2,0.223805770277977,1985.9381923675537
624,2,0.30735278129577637,1987.4691727161407
625,2,0.4159656763076782,1989.0891151428223
626,2,0.39446473121643066,1992.1791877746582
627,2,0.5091429948806763,1993.9973530769348
628,2,0.3503827154636383,1996.0026252269745
629,2,0.33485180139541626,1997.655056476593
630,2,0.5072310566902161,1999.7169444561005
631,2,0.27097660303115845,2001.3702492713928
632,2,0.4349629878997803,2003.3841080665588
633,2,0.3939191699028015,2005.2001702785492
634,2,0.5081028938293457,2008.0250160694122
635,2,0.4490430951118469,2022.6467008590698
636,2,0.1225462555885315,2025.3013265132904
637,2,0.3429756164550781,2026.9886648654938
638,2,0.39809298515319824,2029.4035909175873
639,2,0.19163459539413452,2031.105797290802
640,2,0.4836825430393219,2033.5296490192413
641,3,0.21612179279327393,2036.9388823509216
642,3,0.24744468927383423,2038.7459514141083
643,3,0.2796628773212433,2040.8088691234589
644,3,0.20188340544700623,2042.78781747818
645,3,0.18675336241722107,2044.4758150577545
646,3,0.1821202039718628,2046.427377462387
647,3,0.3661004304885864,2048.08847284317
648,3,0.19970381259918213,2051.663323163986
649,3,0.21870817244052887,2055.550145149231
650,3,0.17353101074695587,2057.5582234859467
651,3,0.2234506458044052,2058.8390097618103
652,3,0.18994350731372833,2060.4403908252716
653,3,0.22416478395462036,2062.5156376361847
654,3,0.22188016772270203,2063.988184928894
655,3,0.14189794659614563,2066.8364901542664
656,3,0.11883571743965149,2068.649228334427
657,3,0.2211279422044754,2073.0193231105804
658,3,0.27515891194343567,2076.0119783878326
659,3,0.2876887321472168,2077.319488763809
660,3,0.23654842376708984,2079.3062493801117
661,3,0.1763988435268402,2080.6406869888306
662,3,0.33527904748916626,2083.7032618522644
663,3,0.17390194535255432,2086.1216089725494
664,3,0.2126094251871109,2087.445185661316
665,3,0.14740733802318573,2088.976377248764
666,3,0.4855045676231384,2091.6981086730957
667,3,0.1564626842737198,2095.031158924103
668,3,0.12756681442260742,2097.0375616550446
669,3,0.13485927879810333,2098.970724105835
670,3,0.28680992126464844,2102.7123408317566
671,3,0.18585984408855438,2105.290782928467
672,3,0.4348685145378113,2107.9548592567444
673,3,0.29091355204582214,2109.3690118789673
674,3,0.20006217062473297,2113.0303943157196
675,3,0.24153687059879303,2119.6971464157104
676,3,0.328671932220459,2121.6876740455627
677,3,0.1802022010087967,2122.9288165569305
678,3,0.3950411379337311,2125.663487672806
679,3,0.14089541137218475,2129.59353017807
680,3,0.14306282997131348,2131.38724899292
681,3,0.09147434681653976,2132.9185049533844
682,3,0.25789302587509155,2134.64647936821
683,3,0.17125996947288513,2136.176551103592
684,3,0.21661867201328278,2137.6522104740143
685,3,0.23542341589927673,2139.635239839554
686,3,0.19914601743221283,2141.882325410843
687,3,0.08829174935817719,2145.241983652115
688,3,0.09885413944721222,2148.351542711258
689,3,0.09666314721107483,2150.163502216339
690,3,0.13214853405952454,2151.6414840221405
691,3,0.16352862119674683,2152.923574924469
692,3,0.18323519825935364,2154.850239753723
693,3,0.31144678592681885,2156.509087085724
694,3,0.23951506614685059,2157.8998477458954
695,3,0.1986839324235916,2160.2350611686707
696,3,0.31181538105010986,2166.80596780777
697,3,0.12095676362514496,2169.8277428150177
698,3,0.3127310872077942,2172.1568853855133
699,3,0.27332091331481934,2174.7230710983276
700,3,0.15628591179847717,2189.239682197571
701,3,0.16637367010116577,2192.311106443405
702,3,0.10681131482124329,2194.2490508556366
703,3,0.11042612791061401,2196.575016975403
704,3,0.08053777366876602,2198.2771112918854
705,3,0.2410130351781845,2200.4846682548523
706,3,0.30392783880233765,2207.898038625717
707,3,0.2415679395198822,2209.6815819740295
708,3,0.1600709706544876,2211.358134508133
709,3,0.3216097950935364,2213.3639974594116
710,3,0.514726996421814,2217.0890407562256
711,3,0.2351505607366562,2218.4069583415985
712,3,0.1899646818637848,2219.930079936981
713,3,0.21484065055847168,2222.136920928955
714,3,0.19894643127918243,2226.8501188755035
715,3,0.3203321695327759,2229.814950466156
716,3,0.19644252955913544,2231.881103992462
717,3,0.1769283413887024,2233.943601846695
718,3,0.2464132010936737,2241.3492200374603
719,3,0.34064269065856934,2242.7374868392944
720,3,0.1954866200685501,2245.1976380348206
721,3,0.21355220675468445,2246.7882130146027
722,3,0.15277326107025146,2248.2405076026917
723,3,0.2593300938606262,2250.2743031978607
724,3,0.18625517189502716,2252.181961774826
725,3,0.22279849648475647,2259.893460035324
726,3,0.10613305866718292,2261.5559034347534
727,3,0.48522597551345825,2263.4825546741486
728,3,0.1278608739376068,2267.8345987796783
729,3,0.49716174602508545,2292.9906973838806
730,3,0.2512630224227905,2294.5930013656616
731,3,0.2456342577934265,2296.399727344513
732,3,0.25574979186058044,2299.72048664093
733,3,0.12404542416334152,2300.7555000782013
734,3,0.2390788048505783,2304.6031160354614
735,3,0.3176472783088684,2306.733325481415
736,3,0.23544764518737793,2308.7971160411835
737,3,0.22986620664596558,2310.274406671524
738,3,0.21519586443901062,2315.0336451530457
739,3,0.13997383415699005,2316.2677130699158
740,3,0.4156130254268646,2322.532452583313
741,3,0.14571304619312286,2324.012749671936
742,3,0.24457088112831116,2330.4848294258118
743,3,0.0662548840045929,2331.7695972919464
744,3,0.464273601770401,2345.2025768756866
745,3,0.18445883691310883,2347.2657449245453
746,3,0.2054135501384735,2349.361355781555
747,3,0.17585378885269165,2351.3754785060883
748,3,0.23545296490192413,2353.9409415721893
749,3,0.13692602515220642,2356.027867794037
750,3,0.24569788575172424,2357.550356864929
751,3,0.07010714709758759,2359.284760951996
752,3,0.28075847029685974,2360.669042110443
753,3,0.40076929330825806,2364.203154563904
754,3,0.1687992364168167,2365.5295481681824
755,3,0.21868333220481873,2367.1897003650665
756,3,0.21406733989715576,2368.89839053154
757,3,0.09071473032236099,2372.527538061142
758,3,0.21247610449790955,2374.5903840065002
759,3,0.11896621435880661,2375.9288008213043
760,3,0.33789512515068054,2378.9528629779816
761,3,0.23675990104675293,2380.6166622638702
762,3,0.19305875897407532,2382.7065155506134
763,3,0.3227323293685913,2384.521455526352
764,3,0.16899000108242035,2386.0270969867706
765,3,0.14025402069091797,2388.6942932605743
766,3,0.1399661898612976,2390.6439089775085
767,3,0.17200982570648193,2392.4588651657104
768,3,0.2657090127468109,2393.9985513687134
769,3,0.2242574691772461,2396.4217681884766
770,3,0.2228723019361496,2397.9240918159485
771,3,0.25491252541542053,2400.138133764267
772,3,0.1883324384689331,2403.169995069504
773,3,0.1853111982345581,2406.040088891983
774,3,0.09406183660030365,2407.541375875473
775,3,0.12976457178592682,2408.999394416809
776,3,0.08982932567596436,2411.0740599632263
777,3,0.1891680657863617,2416.9022278785706
778,3,0.2661254405975342,2418.887837409973
779,3,0.29580286145210266,2420.6231853961945
780,3,0.10141994059085846,2422.9473700523376
781,3,0.29256299138069153,2425.3360362052917
782,3,0.15613386034965515,2426.92645072937
783,3,0.4556736350059509,2442.7247338294983
784,3,0.20213823020458221,2444.13050532341
785,3,0.27897724509239197,2449.7921328544617
786,3,0.270235538482666,2463.728517770767
787,3,0.2887337803840637,2465.346444606781
788,3,0.12306567281484604,2468.031674385071
789,3,0.2392393946647644,2469.966813325882
790,3,0.1127997487783432,2471.466457128525
791,3,0.2731834650039673,2473.687068462372
792,3,0.32212892174720764,2476.5655648708344
793,3,0.2306576371192932,2508.430504798889
794,3,0.1815514713525772,2510.4996840953827
795,3,0.11611880362033844,2512.0053708553314
796,3,0.2547595202922821,2513.9650213718414
797,3,0.27787744998931885,2516.09717130661
798,3,0.24007479846477509,2518.9120275974274
799,3,0.28734147548675537,2521.2394733428955
800,3,0.19969189167022705,2523.4825768470764
801,3,0.3183768093585968,2524.8882863521576
802,3,0.1650795042514801,2526.2756192684174
803,3,0.5034774541854858,2528.609913110733
804,3,0.1258610337972641,2530.0168595314026
805,3,0.15586347877979279,2531.7161791324615
806,3,0.27318909764289856,2533.7858209609985
807,3,0.27923715114593506,2535.5183205604553
808,3,0.1153189092874527,2537.3097808361053
809,3,0.1671445071697235,2538.993359565735
810,3,0.2408967763185501,2540.3739309310913
811,3,0.20687010884284973,2542.3552713394165
812,3,0.300081342458725,2544.041269302368
813,3,0.3962334394454956,2546.028893470764
814,3,0.1540279984474182,2548.4175214767456
815,3,0.2735317349433899,2558.65682220459
816,3,0.16254423558712006,2560.6630380153656
817,3,0.4199179410934448,2571.85636305809
818,3,0.21147502958774567,2574.728602409363
819,3,0.09408633410930634,2576.0647592544556
820,3,0.22900113463401794,2578.277806520462
821,3,0.16337542235851288,2579.7538347244263
822,3,0.2515471875667572,2608.834769010544
823,3,0.33328792452812195,2610.6268496513367
824,3,0.2766087055206299,2612.9504792690277
825,3,0.2802857756614685,2614.8794569969177
826,3,0.2327083796262741,2616.661592721939
827,3,0.29851269721984863,2618.118037700653
828,3,0.3560495376586914,2621.5164184570312
829,3,0.1398036628961563,2623.772192955017
830,3,0.5081233978271484,2630.0003790855408
831,3,0.15791434049606323,2631.3415808677673
832,3,0.4615015387535095,2633.151347398758
833,3,0.27583423256874084,2634.5623908042908
834,3,0.27898263931274414,2636.5776591300964
835,3,0.16628487408161163,2638.0579981803894
836,3,0.11636451631784439,2640.268555879593
837,3,0.0995112806558609,2641.497804403305
838,3,0.2334386706352234,2642.908697128296
839,3,0.08992937207221985,2644.582193374634
840,3,0.3046148717403412,2648.4615218639374
841,3,0.2615533769130707,2649.779574394226
842,3,0.28895309567451477,2653.1315915584564
843,3,0.13698136806488037,2655.3696405887604
844,3,0.305780291557312,2657.704247713089
845,3,0.17531855404376984,2659.023793697357
846,3,0.26295211911201477,2660.679351568222
847,3,0.11035213619470596,2662.995234966278
848,3,0.254350870847702,2666.381651163101
849,3,0.11198486387729645,2667.6124937534332
850,3,0.21621140837669373,2668.942617416382
851,3,0.30891185998916626,2671.1749217510223
852,3,0.08792997896671295,2672.568439722061
853,3,0.4337705373764038,2674.1726038455963
854,3,0.30503347516059875,2677.789393424988
855,3,0.2721292972564697,2704.53626537323
856,3,0.17992812395095825,2706.265765428543
857,3,0.35488981008529663,2707.8650226593018
858,3,0.28196898102760315,2709.6207427978516
859,3,0.23341664671897888,2713.3714587688446
860,3,0.29036039113998413,2715.084230899811
861,3,0.200687438249588,2716.7904274463654
862,3,0.2897263169288635,2719.214124917984
863,3,0.17048238217830658,2720.538646697998
864,3,0.0852341502904892,2722.6686913967133
865,3,0.2506116032600403,2724.0527637004852
866,3,0.30720454454421997,2726.116785287857
867,3,0.22642011940479279,2727.5679519176483
868,3,0.29375746846199036,2731.3994019031525
869,3,0.22232526540756226,2733.4995551109314
870,3,0.18887537717819214,2736.928372859955
871,3,0.3029179275035858,2739.9785187244415
872,3,0.2674676179885864,2742.4054369926453
873,3,0.16773563623428345,2744.493971347809
874,3,0.4386492371559143,2746.432267189026
875,3,0.23444904386997223,2749.167819738388
876,3,0.2713995575904846,2751.1249742507935
877,3,0.3161460757255554,2753.8806731700897
878,3,0.23631516098976135,2755.2727320194244
879,3,0.12317194044589996,2757.0009548664093
880,3,0.4059716761112213,2758.41073346138
881,3,0.27836814522743225,2760.5432410240173
882,3,0.10942240059375763,2761.9663376808167
883,3,0.2497214376926422,2764.202236175537
884,3,0.19499847292900085,2766.347650527954
885,3,0.3610672354698181,2768.001504421234
886,3,0.11090070754289627,2769.8126113414764
887,3,0.3611549139022827,2772.47936463356
888,3,0.157151997089386,2775.3531925678253
889,3,0.21791516244411469,2791.6935341358185
890,3,0.22043278813362122,2793.315782546997
891,3,0.3920443654060364,2795.7315545082092
892,3,0.2697724401950836,2798.330244779587
893,3,0.35252442955970764,2800.5492651462555
894,3,0.25577643513679504,2803.03577208519
895,3,0.39383941888809204,2804.9936802387238
896,3,0.2983437478542328,2807.4722492694855
897,3,0.28361064195632935,2809.643275499344
898,3,0.11104355752468109,2811.944494485855
899,3,0.1903417706489563,2814.3588213920593
900,3,0.09995010495185852,2817.014318704605
901,3,0.30622023344039917,2848.544890165329
902,3,0.21291911602020264,2850.9321718215942
903,3,0.10748907178640366,2852.4423763751984
904,3,0.43320101499557495,2854.2640323638916
905,3,0.5163614153862,2855.882652282715
906,3,0.172066330909729,2858.990962743759
907,3,0.2713824212551117,2860.590665578842
908,3,0.19305413961410522,2864.4203174114227
909,3,0.25433921813964844,2867.0220623016357
910,3,0.29051798582077026,2869.3225610256195
911,3,0.12454546988010406,2873.341253757477
912,3,0.1583406627178192,2875.1250565052032
913,3,0.3044581413269043,2877.458393573761
914,3,0.38432884216308594,2892.2645103931427
915,3,0.25048020482063293,2894.3962230682373
916,3,0.31759268045425415,2896.200489282608
917,3,0.2855875492095947,2899.830198287964
918,3,0.11850859224796295,2901.98952126503
919,3,0.20528830587863922,2903.5846333503723
920,3,0.23693889379501343,2905.565196990967
921,3,0.41651391983032227,2908.4148495197296
922,3,0.276512086391449,2910.5043318271637
923,3,0.2286238670349121,2912.8208360671997
924,3,0.17793779075145721,2915.028746366501
925,3,0.18990790843963623,2916.3067071437836
926,3,0.28904521465301514,2919.3394334316254
927,3,0.25818735361099243,2920.7937290668488
928,3,0.3379876911640167,2923.3722760677338
929,3,0.39860621094703674,2925.5140464305878
930,3,0.4821207523345947,2953.8999497890472
931,3,0.10850473493337631,2955.838088989258
932,3,0.13630680739879608,2957.6506090164185
933,3,0.269662469625473,2959.1563353538513
934,3,0.24486419558525085,2962.478531360626
935,3,0.3656948208808899,2967.0462243556976
936,3,0.22782137989997864,2968.668774366379
937,3,0.3385089039802551,2983.3027262687683
938,3,0.19063857197761536,2984.9787034988403
939,3,0.22612322866916656,2986.917900323868
940,3,0.27659887075424194,2988.4255657196045
941,3,0.27346229553222656,2989.903076648712
942,3,0.26140904426574707,2991.720427751541
943,3,0.1752297580242157,2993.7254395484924
944,3,0.30081242322921753,2994.961859703064
945,3,0.1779049038887024,2996.7784719467163
946,3,0.1615830957889557,2998.2374675273895
947,3,0.312559574842453,2999.5845494270325
948,3,0.3113420009613037,3000.939188480377
949,3,0.2613176107406616,3003.1518380641937
950,3,0.2731778919696808,3014.537436723709
951,3,0.153277188539505,3016.9309618473053
952,3,0.18621183931827545,3022.253895998001
953,3,0.2253519892692566,3023.7772114276886
954,3,0.3773210346698761,3026.2347955703735
955,3,0.27608048915863037,3027.623025894165
956,3,0.34870678186416626,3032.3688700199127
957,3,0.320176899433136,3034.153069496155
958,3,0.16414430737495422,3035.4432752132416
959,3,0.154853954911232,3036.759098291397
960,3,0.21084755659103394,3039.4884071350098
961,4,0.05456189066171646,3042.148985862732
962,4,0.07355920225381851,3043.5311431884766
963,4,0.15109455585479736,3045.033362865448
964,4,0.03865116089582443,3046.422967672348
965,4,0.09690873324871063,3060.3627467155457
966,4,0.08684614300727844,3062.578227043152
967,4,0.10116085410118103,3064.2624728679657
968,4,0.10006052255630493,3075.650237083435
969,4,0.07386468350887299,3077.3851869106293
970,4,0.10807862877845764,3079.355813264847
971,4,0.10584349930286407,3080.887823343277
972,4,0.02217782661318779,3084.203580379486
973,4,0.2811606824398041,3091.9127383232117
974,4,0.203484445810318,3093.367649793625
975,4,0.06709065288305283,3096.2002334594727
976,4,0.23501259088516235,3098.681559562683
977,4,0.16778157651424408,3100.0865030288696
978,4,0.17201411724090576,3101.5253739356995
979,4,0.07649528980255127,3104.372804880142
980,4,0.07066021859645844,3106.6227304935455
981,4,0.12031391263008118,3108.950613975525
982,4,0.15252622961997986,3112.0540974140167
983,4,0.15826645493507385,3115.6847376823425
984,4,0.09004659950733185,3117.488503932953
985,4,0.13384956121444702,3120.150534629822
986,4,0.17906294763088226,3152.010318994522
987,4,0.12194530665874481,3155.0404579639435
988,4,0.22177442908287048,3156.4494807720184
989,4,0.2067016065120697,3157.87526011467
990,4,0.12105248868465424,3159.099407196045
991,4,0.16996729373931885,3161.2667882442474
992,4,0.11354352533817291,3162.9726264476776
993,4,0.15356171131134033,3189.7020604610443
994,4,0.11196225881576538,3194.0564341545105
995,4,0.26138871908187866,3197.9032588005066
996,4,0.10602273046970367,3200.961930513382
997,4,0.14716345071792603,3203.059143304825
998,4,0.14401894807815552,3204.710069179535
999,4,0.07109888643026352,3207.4386937618256
1000,4,0.1680769920349121,3209.765200614929
1001,4,0.07246552407741547,3211.926598072052
1002,4,0.08549501746892929,3213.2328350543976
1003,4,0.051198333501815796,3217.1602861881256
1004,4,0.13197867572307587,3219.7366394996643
1005,4,0.1256314069032669,3221.4382469654083
1006,4,0.09208452701568604,3223.9164419174194
1007,4,0.24650394916534424,3225.3900063037872
1008,4,0.1165127381682396,3226.6664505004883
1009,4,0.07118169963359833,3228.9782576560974
1010,4,0.10210754722356796,3231.3694126605988
1011,4,0.03819071501493454,3242.5478389263153
1012,4,0.0909438282251358,3244.3347997665405
1013,4,0.20442436635494232,3246.934093475342
1014,4,0.19144991040229797,3249.2591755390167
1015,4,0.16359847784042358,3250.517326116562
1016,4,0.22140628099441528,3252.2162313461304
1017,4,0.07373831421136856,3254.6378552913666
1018,4,0.10589197278022766,3258.657379627228
1019,4,0.07519844174385071,3260.448407649994
1020,4,0.11192208528518677,3261.681755065918
1021,4,0.07678628712892532,3263.356591463089
1022,4,0.13950753211975098,3265.4448816776276
1023,4,0.10083454847335815,3269.105378627777
1024,4,0.22280719876289368,3272.8519020080566
1025,4,0.07228993624448776,3274.8381118774414
1026,4,0.12738081812858582,3276.497183084488
1027,4,0.1636568009853363,3277.9779722690582
1028,4,0.1485339254140854,3280.3091945648193
1029,4,0.08134745061397552,3282.2459330558777
1030,4,0.15445134043693542,3283.863751888275
1031,4,0.034235887229442596,3285.331088781357
1032,4,0.08752501010894775,3286.784378528595
1033,4,0.11477762460708618,3288.736903190613
1034,4,0.053583577275276184,3292.164358139038
1035,4,0.11148407310247421,3293.702726125717
1036,4,0.06472712755203247,3295.486149072647
1037,4,0.12738674879074097,3297.109186410904
1038,4,0.08289340138435364,3299.424049139023
1039,4,0.07936132699251175,3301.5564386844635
1040,4,0.1449274718761444,3305.4344067573547
1041,4,0.1696677953004837,3306.941059112549
1042,4,0.17244212329387665,3308.725639104843
1043,4,0.13916511833667755,3310.6514666080475
1044,4,0.19590303301811218,3312.32941699028
1045,4,0.08512823283672333,3314.0236916542053
1046,4,0.03600751981139183,3315.476722240448
1047,4,0.15916311740875244,3317.0019392967224
1048,4,0.08012868463993073,3319.068872451782
1049,4,0.17822474241256714,3321.528228521347
1050,4,0.149727463722229,3323.942227125168
1051,4,0.032065555453300476,3325.648008108139
1052,4,0.10610467195510864,3327.981400489807
1053,4,0.13681110739707947,3329.3939230442047
1054,4,0.18089298903942108,3331.3749074935913
1055,4,0.161883145570755,3332.9711735248566
1056,4,0.14990967512130737,3335.384999036789
1057,4,0.10337406396865845,3337.77357506752
1058,4,0.1140960156917572,3339.5007541179657
1059,4,0.08551875501871109,3341.429024219513
1060,4,0.08542002737522125,3342.90594124794
1061,4,0.12427475303411484,3344.4149017333984
1062,4,0.17059534788131714,3358.9314506053925
1063,4,0.22813978791236877,3360.9130640029907
1064,4,0.1940666288137436,3362.1905751228333
1065,4,0.17426419258117676,3366.7530908584595
1066,4,0.12816095352172852,3368.842745065689
1067,4,0.23462221026420593,3371.6781702041626
1068,4,0.13628509640693665,3373.1823513507843
1069,4,0.12864665687084198,3375.416327238083
1070,4,0.2907271385192871,3377.551774263382
1071,4,0.14166802167892456,3379.478387117386
1072,4,0.2862510085105896,3386.87926363945
1073,4,0.08726976811885834,3388.9455845355988
1074,4,0.24794119596481323,3391.361982345581
1075,4,0.07632739096879959,3394.0144517421722
1076,4,0.18272118270397186,3396.579171895981
1077,4,0.06023313105106354,3397.9614238739014
1078,4,0.09867985546588898,3399.9669210910797
1079,4,0.11700698733329773,3402.1823029518127
1080,4,0.08152981102466583,3403.9150998592377
1081,4,0.15623809397220612,3406.143331050873
1082,4,0.10641241073608398,3422.481772184372
1083,4,0.09213852137327194,3424.1424827575684
1084,4,0.3089669942855835,3425.5292789936066
1085,4,0.12228724360466003,3426.810734272003
1086,4,0.02716556005179882,3428.968168258667
1087,4,0.05925864353775978,3430.6955182552338
1088,4,0.15532276034355164,3433.719054222107
1089,4,0.07214678823947906,3435.200067281723
1090,4,0.17489266395568848,3436.7911837100983
1091,4,0.03329640254378319,3438.2965610027313
1092,4,0.19448153674602509,3440.958088874817
1093,4,0.14210495352745056,3443.2901480197906
1094,4,0.11328524351119995,3446.619642496109
1095,4,0.2694554924964905,3478.113592863083
1096,4,0.18690374493598938,3480.050262451172
1097,4,0.2292562872171402,3481.6449966430664
1098,4,0.2180202752351761,3483.4329476356506
1099,4,0.08758214116096497,3486.7499907016754
1100,4,0.16405004262924194,3490.1348361968994
1101,4,0.17315304279327393,3491.523937702179
1102,4,0.1438153237104416,3492.8006463050842
1103,4,0.08920495212078094,3494.8637726306915
1104,4,0.1346552073955536,3497.109438896179
1105,4,0.04782363027334213,3499.1850006580353
1106,4,0.03793008625507355,3501.1648721694946
1107,4,0.2237226963043213,3503.2386395931244
1108,4,0.12888361513614655,3505.1783497333527
1109,4,0.10084004700183868,3508.0222306251526
1110,4,0.18015429377555847,3511.595172405243
1111,4,0.11795227229595184,3521.828289270401
1112,4,0.19435283541679382,3523.4481744766235
1113,4,0.23794803023338318,3525.7871363162994
1114,4,0.3489183187484741,3541.573923587799
1115,4,0.097682885825634,3542.962977170944
1116,4,0.12229804694652557,3545.0986144542694
1117,4,0.10477301478385925,3547.2307665348053
1118,4,0.14598363637924194,3548.9630064964294
1119,4,0.20345498621463776,3550.3068470954895
1120,4,0.3407215476036072,3556.9712233543396
1121,4,0.17176949977874756,3560.3244359493256
1122,4,0.43573635816574097,3573.7488465309143
1123,4,0.10791362822055817,3575.751100540161
1124,4,0.1418190896511078,3577.3696377277374
1125,4,0.09608878195285797,3579.3747997283936
1126,4,0.17171306908130646,3580.6550331115723
1127,4,0.14535143971443176,3582.181026697159
1128,4,0.18742476403713226,3583.779299259186
1129,4,0.21853195130825043,3590.2506852149963
1130,4,0.1547476053237915,3592.2307374477386
1131,4,0.0806880071759224,3596.0596072673798
1132,4,0.12182402610778809,3598.0854256153107
1133,4,0.20224298536777496,3599.53733253479
1134,4,0.1172015443444252,3601.036745071411
1135,4,0.17608977854251862,3605.4076471328735
1136,4,0.2503719627857208,3610.17440700531
1137,4,0.09169112145900726,3611.9065544605255
1138,4,0.27220165729522705,3615.646610736847
1139,4,0.23839356005191803,3618.030846118927
1140,4,0.1096251979470253,3619.621500968933
1141,4,0.12668845057487488,3621.5514273643494
1142,4,0.3138924241065979,3622.8606338500977
1143,4,0.14191962778568268,3625.8209187984467
1144,4,0.11435249447822571,3627.5205643177032
1145,4,0.6259461641311646,3652.6925880908966
1146,4,0.1564023196697235,3654.020271062851
1147,4,0.21382996439933777,3655.4293789863586
1148,4,0.2790752053260803,3657.4348723888397
1149,4,0.10346278548240662,3658.961582660675
1150,4,0.11295714974403381,3661.9898719787598
1151,4,0.06568720191717148,3663.8012351989746
1152,4,0.1516546905040741,3665.5135202407837
1153,4,0.23500314354896545,3668.3382596969604
1154,4,0.22526481747627258,3669.9992306232452
1155,4,0.04492110759019852,3672.063474416733
1156,4,0.1417430341243744,3673.660591363907
1157,4,0.16612637042999268,3676.7738959789276
1158,4,0.1987377107143402,3678.4358744621277
1159,4,0.11856178194284439,3680.2483830451965
1160,4,0.10884540528059006,3681.7504131793976
1161,4,0.08493755757808685,3683.897782087326
1162,4,0.1190103143453598,3685.564404964447
1163,4,0.07311614602804184,3687.353414297104
1164,4,0.17590901255607605,3690.893806695938
1165,4,0.16590484976768494,3692.2528355121613
1166,4,0.2048608660697937,3694.006641149521
1167,4,0.15101224184036255,3695.336451768875
1168,4,0.11993087828159332,3697.435186624527
1169,4,0.10289985686540604,3701.3197150230408
1170,4,0.12242523580789566,3704.0575823783875
1171,4,0.22052001953125,3705.6752920150757
1172,4,0.18183162808418274,3707.2733998298645
1173,4,0.12729258835315704,3709.0008540153503
1174,4,0.15397273004055023,3710.7110290527344
1175,4,0.06865300983190536,3712.8419213294983
1176,4,0.1535293161869049,3715.0503346920013
1177,4,0.10827535390853882,3716.8350265026093
1178,4,0.25626417994499207,3719.2221007347107
1179,4,0.2906978726387024,3720.881425142288
1180,4,0.11955030262470245,3723.482229232788
1181,4,0.10712650418281555,3725.4411680698395
1182,4,0.33977723121643066,3731.670876264572
1183,4,0.1366373747587204,3732.936808824539
1184,4,0.18810509145259857,3734.322796344757
1185,4,0.16826742887496948,3736.140200138092
1186,4,0.16304045915603638,3737.7442243099213
1187,4,0.1722126007080078,3743.411249399185
1188,4,0.07686753571033478,3745.623640060425
1189,4,0.1695411056280136,3747.831720352173
1190,4,0.18763451278209686,3749.1130480766296
1191,4,0.133503258228302,3750.5909328460693
1192,4,0.1194951981306076,3754.165538072586
1193,4,0.10708636045455933,3755.868581056595
1194,4,0.11671692878007889,3758.889964580536
1195,4,0.15934813022613525,3760.3009600639343
1196,4,0.3233778178691864,3767.7140021324158
1197,4,0.12527158856391907,3770.191212415695
1198,4,0.24531131982803345,3771.8152265548706
1199,4,0.15654641389846802,3773.1387836933136
1200,4,0.09385038912296295,3775.837420463562
1201,4,0.05524825677275658,3777.825966835022
1202,4,0.16093039512634277,3779.229536294937
1203,4,0.13670393824577332,3781.0151987075806
1204,4,0.4165922999382019,3784.8442001342773
1205,4,0.1256580948829651,3786.82470035553
1206,4,0.054694682359695435,3788.3012199401855
1207,4,0.21666905283927917,3790.09538769722
1208,4,0.12750095129013062,3791.603351354599
1209,4,0.17353221774101257,3792.928553581238
1210,4,0.24483859539031982,3794.7148339748383
1211,4,0.2539386451244354,3798.04216837883
1212,4,0.08771216869354248,3799.6584417819977
1213,4,0.07301420718431473,3801.593671798706
1214,4,0.16757193207740784,3803.2157020568848
1215,4,0.27484065294265747,3806.2779638767242
1216,4,0.17943322658538818,3807.7375767230988
1217,4,0.1298714280128479,3809.0769996643066
1218,4,0.09027817845344543,3812.434784889221
1219,4,0.15761804580688477,3815.309311389923
1220,4,0.16522856056690216,3818.9393022060394
1221,4,0.2967100143432617,3847.337469816208
1222,4,0.11796559393405914,3849.4010264873505
1223,4,0.0954686850309372,3864.226051092148
1224,4,0.10637731105089188,3865.890418291092
1225,4,0.20156237483024597,3867.877208471298
1226,4,0.10123808681964874,3870.967399597168
1227,4,0.36871737241744995,3873.3023915290833
1228,4,0.1603936403989792,3874.6665847301483
1229,4,0.0736294686794281,3876.6231639385223
1230,4,0.2640317380428314,3878.687319755554
1231,4,0.209058940410614,3880.390986442566
1232,4,0.19651494920253754,3886.964240550995
1233,4,0.12506918609142303,3889.4245183467865
1234,4,0.1371866911649704,3891.8206374645233
1235,4,0.17636364698410034,3893.225107908249
1236,4,0.14777521789073944,3894.6826848983765
1237,4,0.15251722931861877,3896.304347753525
1238,4,0.05049029737710953,3898.239774942398
1239,4,0.12176111340522766,3900.475998878479
1240,4,0.15540340542793274,3901.799218416214
1241,4,0.16042831540107727,3903.397792816162
1242,4,0.37258267402648926,3906.1218535900116
1243,4,0.2727106809616089,3908.048384666443
1244,4,0.15575629472732544,3910.062140226364
1245,4,0.21832884848117828,3911.336352825165
1246,4,0.2060515433549881,3914.004375219345
1247,4,0.1384117156267166,3919.3272936344147
1248,4,0.09143341332674026,3921.2571036815643
1249,4,0.17884030938148499,3922.9104890823364
1250,4,0.12171235680580139,3925.7899968624115
1251,4,0.08265864849090576,3954.8899068832397
1252,4,0.16442696750164032,3957.3154351711273
1253,4,0.12746739387512207,3959.2663838863373
1254,4,0.1741480529308319,3961.195603132248
1255,4,0.18716545403003693,3963.2037632465363
1256,4,0.09680299460887909,3964.9321126937866
1257,4,0.16412177681922913,3966.463456630707
1258,4,0.15300796926021576,3968.6693987846375
1259,4,0.14748799800872803,3971.6509642601013
1260,4,0.2385575771331787,3974.2146627902985
1261,4,0.19747263193130493,3977.26464509964
1262,4,0.19758886098861694,3984.7967479228973
1263,4,0.22134950757026672,3986.8588361740112
1264,4,0.09139341861009598,3988.3163714408875
1265,4,0.12326471507549286,3989.698871612549
1266,4,0.1619434952735901,3994.4499187469482
1267,4,0.03750517964363098,3995.9028644561768
1268,4,0.10065948963165283,4001.732281446457
1269,4,0.10054967552423477,4003.120017051697
1270,4,0.08107359707355499,4004.6776452064514
1271,4,0.16547039151191711,4007.0094039440155
1272,4,0.36927545070648193,4009.435555458069
1273,4,0.12890884280204773,4011.1435601711273
1274,4,0.21532976627349854,4025.7823574543
1275,4,0.24992194771766663,4028.8063180446625
1276,4,0.11116480827331543,4031.560054063797
1277,4,0.24212712049484253,4037.8255019187927
1278,4,0.12682335078716278,4040.211309194565
1279,4,0.13140638172626495,4043.318333864212
1280,4,0.17370852828025818,4046.7109789848328
1281,5,0.05071341246366501,4049.3041546344757
1282,5,0.06541044265031815,4064.124400615692
1283,5,0.09889904409646988,4065.5116097927094
1284,5,0.14564019441604614,4067.993352651596
1285,5,0.012639634311199188,4072.7412810325623
1286,5,0.04387826845049858,4074.8715176582336
1287,5,0.1126902848482132,4076.1291148662567
1288,5,0.08845068514347076,4077.38707613945
1289,5,0.1045621782541275,4078.9114792346954
1290,5,0.008241810835897923,4080.916172981262
1291,5,0.18336258828639984,4087.485962152481
1292,5,0.04134705662727356,4089.694395303726
1293,5,0.2583450973033905,4121.182175159454
1294,5,0.11162398755550385,4123.109575271606
1295,5,0.08935445547103882,4125.435372591019
1296,5,0.3067769408226013,4127.907881975174
1297,5,0.07331974804401398,4131.253701448441
1298,5,0.10835704952478409,4133.732453584671
1299,5,0.038983769714832306,4135.2049124240875
1300,5,0.13021202385425568,4136.546362161636
1301,5,0.13123759627342224,4138.335771083832
1302,5,0.07563699781894684,4141.43261885643
1303,5,0.13631343841552734,4143.049988031387
1304,5,0.016995390877127647,4145.262791633606
1305,5,0.12294299900531769,4146.9915182590485
1306,5,0.12455622851848602,4148.799277544022
1307,5,0.03587408736348152,4150.963008880615
1308,5,0.07476098835468292,4152.775634288788
1309,5,0.05992870777845383,4154.583512067795
1310,5,0.10132423788309097,4155.900944232941
1311,5,0.1158478632569313,4157.714506387711
1312,5,0.0878465324640274,4159.8753044605255
1313,5,0.1005912721157074,4186.613223075867
1314,5,0.10846266895532608,4188.291665315628
1315,5,0.056584276258945465,4190.106251955032
1316,5,0.051322631537914276,4206.431340456009
1317,5,0.1423390805721283,4208.392008304596
1318,5,0.17532822489738464,4211.2106556892395
1319,5,0.12660890817642212,4213.381016492844
1320,5,0.041904836893081665,4215.033896446228
1321,5,0.11705349385738373,4216.352024793625
1322,5,0.07592801749706268,4218.594766139984
1323,5,0.05257757008075714,4221.323133468628
1324,5,0.10815681517124176,4222.981808423996
1325,5,0.011136509478092194,4224.957768440247
1326,5,0.3492230176925659,4227.047432422638
1327,5,0.12213188409805298,4228.983777284622
1328,5,0.09719010442495346,4230.989083766937
1329,5,0.10451708734035492,4232.26478934288
1330,5,0.12183751165866852,4239.97012925148
1331,5,0.2183029055595398,4255.75467300415
1332,5,0.09177379310131073,4257.693932771683
1333,5,0.1470644474029541,4259.39017868042
1334,5,0.13013722002506256,4262.3646783828735
1335,5,0.10949096828699112,4263.844887256622
1336,5,0.020268332213163376,4274.079539299011
1337,5,0.02994907647371292,4277.507283210754
1338,5,0.15118266642093658,4280.531342506409
1339,5,0.07124248147010803,4282.062449455261
1340,5,0.09398354589939117,4285.123798370361
1341,5,0.055227287113666534,4287.357844114304
1342,5,0.07380560040473938,4290.321049213409
1343,5,0.09335169196128845,4292.107837200165
1344,5,0.16432708501815796,4294.03506565094
1345,5,0.17677012085914612,4296.106473445892
1346,5,0.14413374662399292,4297.424297571182
1347,5,0.11703737825155258,4298.736133337021
1348,5,0.17261479794979095,4300.055372238159
1349,5,0.11678849160671234,4303.903429746628
1350,5,0.08341768383979797,4305.969302177429
1351,5,0.09133751690387726,4307.19893860817
1352,5,0.07739609479904175,4310.529111146927
1353,5,0.0339217483997345,4313.290150165558
1354,5,0.1350356638431549,4316.906160116196
1355,5,0.35181933641433716,4342.079154729843
1356,5,0.06900174170732498,4344.380153656006
1357,5,0.21146336197853088,4345.660742282867
1358,5,0.05405551195144653,4348.1216361522675
1359,5,0.04672221466898918,4349.717864751816
1360,5,0.0714736133813858,4351.960197925568
1361,5,0.13429535925388336,4353.483604431152
1362,5,0.08069802075624466,4355.412379741669
1363,5,0.10533846914768219,4357.085656642914
1364,5,0.04948745295405388,4358.487527370453
1365,5,0.06830425560474396,4360.5482614040375
1366,5,0.08560958504676819,4362.209397315979
1367,5,0.12801450490951538,4390.556703329086
1368,5,0.05405045300722122,4392.314617156982
1369,5,0.16466256976127625,4393.754428863525
1370,5,0.07425275444984436,4395.163880348206
1371,5,0.2211044430732727,4398.006899356842
1372,5,0.08711212128400803,4401.392064809799
1373,5,0.06026022136211395,4404.4218282699585
1374,5,0.04306282475590706,4415.599552869797
1375,5,0.14188691973686218,4416.880510568619
1376,5,0.115510493516922,4420.539489269257
1377,5,0.055770233273506165,4422.043920040131
1378,5,0.08694730699062347,4423.500578403473
1379,5,0.07991570234298706,4425.203918457031
1380,5,0.05230981111526489,4426.795789241791
1381,5,0.12348318845033646,4429.251568317413
1382,5,0.06497356295585632,4432.099920749664
1383,5,0.2574891149997711,4433.597085237503
1384,5,0.10477061569690704,4435.657423734665
1385,5,0.1104053407907486,4436.889109134674
1386,5,0.13226088881492615,4438.12260222435
1387,5,0.06792066246271133,4440.518451929092
1388,5,0.12653662264347076,4441.928470134735
1389,5,0.0790618360042572,4446.691361665726
1390,5,0.04471691697835922,4450.713076591492
1391,5,0.09614361077547073,4452.725244283676
1392,5,0.09229780733585358,4454.114678144455
1393,5,0.14196264743804932,4455.587602138519
1394,5,0.042280688881874084,4457.519855499268
1395,5,0.07383143901824951,4460.6240038871765
1396,5,0.05830113962292671,4462.600078582764
1397,5,0.09750757366418839,4464.585754394531
1398,5,0.09689483046531677,4466.126365661621
1399,5,0.05120714753866196,4468.34170794487
1400,5,0.2165767252445221,4470.323702573776
1401,5,0.10736283659934998,4471.603746175766
1402,5,0.11769554764032364,4474.083935976028
1403,5,0.04800952598452568,4477.158092498779
1404,5,0.189375102519989,4478.891180753708
1405,5,0.12628653645515442,4480.341272592545
1406,5,0.06509923934936523,4483.65490937233
1407,5,0.0432685986161232,4485.465662479401
1408,5,0.026832329109311104,4486.6714560985565
1409,5,0.0682891458272934,4488.608633756638
1410,5,0.054788462817668915,4490.7416706085205
1411,5,0.12930095195770264,4492.197234153748
1412,5,0.11210006475448608,4493.822130918503
1413,5,0.039644088596105576,4495.916489839554
1414,5,0.0740957036614418,4497.535794496536
1415,5,0.14479891955852509,4499.153830528259
1416,5,0.018560241907835007,4502.54843878746
1417,5,0.0937306135892868,4517.06112074852
1418,5,0.1503855586051941,4519.471750020981
1419,5,0.06896951794624329,4521.459292173386
1420,5,0.11982081830501556,4523.670362472534
1421,5,0.08285994827747345,4525.814252138138
1422,5,0.08176267892122269,4527.622935771942
1423,5,0.027820374816656113,4529.349817037582
1424,5,0.01096012257039547,4531.160826683044
1425,5,0.09503783285617828,4532.391551494598
1426,5,0.10617542266845703,4534.209105968475
1427,5,0.06138521805405617,4536.139394521713
1428,5,0.14765194058418274,4537.874253034592
1429,5,0.15962043404579163,4540.208384752274
1430,5,0.1256514936685562,4541.734632968903
1431,5,0.12608447670936584,4543.125660419464
1432,5,0.08973391354084015,4544.908689260483
1433,5,0.0910692811012268,4547.570064067841
1434,5,0.14424027502536774,4549.508223295212
1435,5,0.09723121672868729,4581.402321338654
1436,5,0.06391260772943497,4582.885266780853
1437,5,0.0392509289085865,4584.908324718475
1438,5,0.10660893470048904,4587.231513977051
1439,5,0.1371997892856598,4588.686613321304
1440,5,0.10021557658910751,4591.253893852234
1441,5,0.11639288067817688,4593.85519528389
1442,5,0.06198466569185257,4595.949871063232
1443,5,0.10098099708557129,4598.336050033569
1444,5,0.04125341400504112,4602.1588134765625
1445,5,0.04280620813369751,4603.946118354797
1446,5,0.1506252884864807,4606.976891756058
1447,5,0.09965463727712631,4610.004286527634
1448,5,0.08342399448156357,4613.832398891449
1449,5,0.026876304298639297,4616.155774116516
1450,5,0.06788519769906998,4618.218093156815
1451,5,0.06128871813416481,4619.812197446823
1452,5,0.12389339506626129,4621.470128059387
1453,5,0.07941173762083054,4622.853147506714
1454,5,0.15038135647773743,4626.482356786728
1455,5,0.1205921396613121,4627.801342010498
1456,5,0.14633341133594513,4629.183216571808
1457,5,0.11625742167234421,4631.568001508713
1458,5,0.09370967745780945,4633.09080862999
1459,5,0.10807542502880096,4634.905556917191
1460,5,0.06917557865381241,4636.377081394196
1461,5,0.08373075723648071,4638.440243721008
1462,5,0.10828791558742523,4641.015645027161
1463,5,0.058578118681907654,4642.606161117554
1464,5,0.024820785969495773,4644.362509965897
1465,5,0.15256820619106293,4648.243596792221
1466,5,0.055173784494400024,4649.946815729141
1467,5,0.08056727051734924,4651.926650762558
1468,5,0.07371349632740021,4653.2685742378235
1469,5,0.08581468462944031,4657.143315315247
1470,5,0.11520717293024063,4659.273797512054
1471,5,0.09222587943077087,4660.536422967911
1472,5,0.11297405511140823,4662.51500415802
1473,5,0.05517099052667618,4665.179951429367
1474,5,0.032194167375564575,4666.650406837463
1475,5,0.19265076518058777,4673.123064517975
1476,5,0.19678762555122375,4676.87686085701
1477,5,0.1444799304008484,4691.506187438965
1478,5,0.04019694775342941,4695.135330438614
1479,5,0.09948115050792694,4696.753188371658
1480,5,0.1220393255352974,4698.667109251022
1481,5,0.08790814876556396,4700.647427558899
1482,5,0.46126580238342285,4703.670964956284
1483,5,0.21390089392662048,4704.948173522949
1484,5,0.13527309894561768,4707.015647888184
1485,5,0.07111507654190063,4718.399265050888
1486,5,0.06830739974975586,4720.183168411255
1487,5,0.13698810338974,4722.564223766327
1488,5,0.09301207959651947,4723.84475851059
1489,5,0.18069462478160858,4725.123346328735
1490,5,0.08472549915313721,4726.50923037529
1491,5,0.05990059673786163,4728.90074634552
1492,5,0.0554141104221344,4730.6929936409
1493,5,0.09986167401075363,4732.645960330963
1494,5,0.10464596748352051,4735.2996208667755
1495,5,0.11705256998538971,4739.2254004478455
1496,5,0.07432864606380463,4740.63534283638
1497,5,0.14384576678276062,4742.071698665619
1498,5,0.13535574078559875,4743.474373102188
1499,5,0.0787801668047905,4748.184946298599
1500,5,0.09591207653284073,4749.448083400726
1501,5,0.06860838085412979,4751.102669477463
1502,5,0.14095449447631836,4752.8117134571075
1503,5,0.06849850714206696,4754.768509864807
1504,5,0.25300565361976624,4757.105931997299
1505,5,0.17130067944526672,4760.848124027252
1506,5,0.047015685588121414,4763.685364961624
1507,5,0.10027580708265305,4765.663697719574
1508,5,0.0915941521525383,4767.288638830185
1509,5,0.11045743525028229,4768.604947566986
1510,5,0.08067651838064194,4770.932072401047
1511,5,0.03795779496431351,4772.390244483948
1512,5,0.04815440624952316,4774.70583820343
1513,5,0.16856127977371216,4776.781044006348
1514,5,0.04367497190833092,4778.257842302322
1515,5,0.07950298488140106,4780.210451364517
1516,5,0.054412633180618286,4781.714612007141
1517,5,0.07398022711277008,4783.693549633026
1518,5,0.11582820862531662,4785.910683393478
1519,5,0.08150668442249298,4787.568505048752
1520,5,0.10304652154445648,4789.908774137497
1521,5,0.192427858710289,4803.340815544128
1522,5,0.12393376231193542,4806.401046991348
1523,5,0.12264537066221237,4809.715700626373
1524,5,0.0678008496761322,4811.315915584564
1525,5,0.06854542344808578,4813.305924654007
1526,5,0.1580071747303009,4814.966848373413
1527,5,0.1394968032836914,4817.180557012558
1528,5,0.12840409576892853,4820.509440422058
1529,5,0.09800002723932266,4822.841339111328
1530,5,0.12874306738376617,4851.913935661316
1531,5,0.04778793081641197,4853.518214464188
1532,5,0.030682994052767754,4854.968556642532
1533,5,0.05292218178510666,4861.63104391098
1534,5,0.07285930216312408,4875.57465004921
1535,5,0.15385845303535461,4878.446868896484
1536,5,0.11404173076152802,4884.115458726883
1537,5,0.4323301315307617,4887.644695520401
1538,5,0.06830096244812012,4889.591930389404
1539,5,0.07425763458013535,4892.275416612625
1540,5,0.16232392191886902,4894.690323591232
1541,5,0.04303126782178879,4898.261455535889
1542,5,0.0997389703989029,4899.7580778598785
1543,5,0.09486951678991318,4901.148163795471
1544,5,0.1329234391450882,4903.070253610611
1545,5,0.07662846893072128,4904.778212070465
1546,5,0.13091231882572174,4907.080094337463
1547,5,0.10593338310718536,4911.648723125458
1548,5,0.0405859611928463,4913.788974523544
1549,5,0.11268895864486694,4916.024308681488
1550,5,0.07779289782047272,4918.259702682495
1551,5,0.06851151585578918,4920.331491470337
1552,5,0.10743486881256104,4921.790688037872
1553,5,0.18140792846679688,4929.325162887573
1554,5,0.18292303383350372,4932.04194021225
1555,5,0.08857901394367218,4934.023696422577
1556,5,0.34103256464004517,4940.248909950256
1557,5,0.14004144072532654,4942.577330589294
1558,5,0.11217208206653595,4944.31196141243
1559,5,0.030097104609012604,4945.907587051392
1560,5,0.12888875603675842,4948.7804210186005
1561,5,0.19655483961105347,4950.566197395325
1562,5,0.08190930634737015,4953.657487154007
1563,5,0.10870587825775146,4957.19128370285
1564,5,0.16640359163284302,4964.601818561554
1565,5,0.21076850593090057,4966.305540561676
1566,5,0.12486313283443451,4967.583127975464
1567,5,0.1414843499660492,4971.156263828278
1568,5,0.08527560532093048,4973.218210935593
1569,5,0.09734262526035309,4974.69485783577
1570,5,0.11891799420118332,4976.917137145996
1571,5,0.1433373987674713,4978.192232370377
1572,5,0.16916146874427795,4984.458866357803
1573,5,0.0851702094078064,4985.987013339996
1574,5,0.11730551719665527,4990.339006900787
1575,5,0.06079932302236557,4992.546670913696
1576,5,0.04613485187292099,4994.974352121353
1577,5,0.2707251012325287,4997.108019351959
1578,5,0.22872762382030487,4999.835167169571
1579,5,0.0658685714006424,5002.227276325226
1580,5,0.09210700541734695,5003.685164451599
1581,5,0.0778011679649353,5005.183622837067
1582,5,0.1747390627861023,5007.1686544418335
1583,5,0.1639793962240219,5009.592141151428
1584,5,0.1280810832977295,5012.326722621918
1585,5,0.03662791848182678,5014.651571035385
1586,5,0.1319061666727066,5016.334405660629
1587,5,0.10176008939743042,5020.703511953354
1588,5,0.06952345371246338,5022.161385536194
1589,5,0.12602569162845612,5023.684871196747
1590,5,0.06117983162403107,5026.562835216522
1591,5,0.11810795962810516,5029.431379318237
1592,5,0.074832484126091,5031.746902227402
1593,5,0.2640077471733093,5037.575246095657
1594,5,0.05437755957245827,5039.228758573532
1595,5,0.08278504014015198,5040.728966712952
1596,5,0.1012568473815918,5042.188439369202
1597,5,0.07889681309461594,5043.719567060471
1598,5,0.16835211217403412,5051.122506141663
1599,5,0.13165748119354248,5052.809744119644
1600,5,0.1045757606625557,5054.738818407059
